<annotation>
	<folder>human1</folder>
	<filename>000093.jpg</filename>
	<path>C:\Users\zhang\Desktop\水下图像目标检测\human1\000093.jpg</path>
	<source>
		<database>Unknown</database>
	</source>
	<size>
		<width>207</width>
		<height>215</height>
		<depth>3</depth>
	</size>
	<segmented>0</segmented>
	<object>
		<name>human</name>
		<pose>Unspecified</pose>
		<truncated>1</truncated>
		<difficult>0</difficult>
		<bndbox>
			<xmin>1</xmin>
			<ymin>1</ymin>
			<xmax>49</xmax>
			<ymax>110</ymax>
		</bndbox>
	</object>
</annotation>
