<annotation>
	<folder>human1</folder>
	<filename>000095.jpg</filename>
	<path>C:\Users\zhang\Desktop\水下图像目标检测\human1\000095.jpg</path>
	<source>
		<database>Unknown</database>
	</source>
	<size>
		<width>512</width>
		<height>1024</height>
		<depth>3</depth>
	</size>
	<segmented>0</segmented>
	<object>
		<name>human</name>
		<pose>Unspecified</pose>
		<truncated>0</truncated>
		<difficult>0</difficult>
		<bndbox>
			<xmin>285</xmin>
			<ymin>201</ymin>
			<xmax>315</xmax>
			<ymax>266</ymax>
		</bndbox>
	</object>
</annotation>
