<annotation>
	<folder>human1</folder>
	<filename>000091.jpg</filename>
	<path>C:\Users\zhang\Desktop\水下图像目标检测\human1\000091.jpg</path>
	<source>
		<database>Unknown</database>
	</source>
	<size>
		<width>460</width>
		<height>351</height>
		<depth>3</depth>
	</size>
	<segmented>0</segmented>
	<object>
		<name>human</name>
		<pose>Unspecified</pose>
		<truncated>0</truncated>
		<difficult>0</difficult>
		<bndbox>
			<xmin>196</xmin>
			<ymin>131</ymin>
			<xmax>286</xmax>
			<ymax>249</ymax>
		</bndbox>
	</object>
</annotation>
