<annotation>
	<folder>human1</folder>
	<filename>000099.jpg</filename>
	<path>C:\Users\zhang\Desktop\水下图像目标检测\human1\000099.jpg</path>
	<source>
		<database>Unknown</database>
	</source>
	<size>
		<width>224</width>
		<height>225</height>
		<depth>3</depth>
	</size>
	<segmented>0</segmented>
	<object>
		<name>human</name>
		<pose>Unspecified</pose>
		<truncated>0</truncated>
		<difficult>0</difficult>
		<bndbox>
			<xmin>61</xmin>
			<ymin>95</ymin>
			<xmax>131</xmax>
			<ymax>145</ymax>
		</bndbox>
	</object>
</annotation>
