<annotation>
	<folder>human1</folder>
	<filename>000097.jpg</filename>
	<path>C:\Users\zhang\Desktop\水下图像目标检测\human1\000097.jpg</path>
	<source>
		<database>Unknown</database>
	</source>
	<size>
		<width>438</width>
		<height>330</height>
		<depth>3</depth>
	</size>
	<segmented>0</segmented>
	<object>
		<name>human</name>
		<pose>Unspecified</pose>
		<truncated>0</truncated>
		<difficult>0</difficult>
		<bndbox>
			<xmin>105</xmin>
			<ymin>56</ymin>
			<xmax>318</xmax>
			<ymax>138</ymax>
		</bndbox>
	</object>
</annotation>
