<annotation>
	<folder>human1</folder>
	<filename>000098.jpg</filename>
	<path>C:\Users\zhang\Desktop\水下图像目标检测\human1\000098.jpg</path>
	<source>
		<database>Unknown</database>
	</source>
	<size>
		<width>1600</width>
		<height>768</height>
		<depth>3</depth>
	</size>
	<segmented>0</segmented>
	<object>
		<name>human</name>
		<pose>Unspecified</pose>
		<truncated>0</truncated>
		<difficult>0</difficult>
		<bndbox>
			<xmin>697</xmin>
			<ymin>231</ymin>
			<xmax>972</xmax>
			<ymax>537</ymax>
		</bndbox>
	</object>
</annotation>
