<annotation>
	<folder>UAV_data</folder>
	<filename>000007.jpg</filename>
	<source>
		<database>The UAV autolanding</database>
		<annotation>UAV AutoLanding</annotation>
		<image>flickr</image>
		<flickrid>NULL</flickrid>
	</source>
	<owner>
		<flickrid>NULL</flickrid>
		<name>ChaojieZhu</name>
	</owner>
	<size>
		<width>743</width>
		<height>419</height>
		<depth>3</depth>
	</size>
		<segmented>0</segmented>
	<object>
		<name>aircraft</name>
		<pose>Unspecified</pose>
		<truncated>1</truncated>
		<difficult>0</difficult>
		<bndbox>
			<xmin>15</xmin>
			<ymin>3</ymin>
			<xmax>550</xmax>
			<ymax>366</ymax>
		</bndbox>
	</object>
</annotation>