<annotation>
	<folder>ship</folder>
	<filename>000172.jpg</filename>
	<path>E:\our_data\new\ship\000172.jpg</path>
	<source>
		<database>Unknown</database>
	</source>
	<size>
		<width>445</width>
		<height>179</height>
		<depth>3</depth>
	</size>
	<segmented>0</segmented>
	<object>
		<name>ship</name>
		<pose>Unspecified</pose>
		<truncated>1</truncated>
		<difficult>0</difficult>
		<bndbox>
			<xmin>196</xmin>
			<ymin>21</ymin>
			<xmax>261</xmax>
			<ymax>179</ymax>
		</bndbox>
	</object>
</annotation>
