<annotation>
	<folder>ship</folder>
	<filename>000161.jpg</filename>
	<path>E:\our_data\new\ship\000161.jpg</path>
	<source>
		<database>Unknown</database>
	</source>
	<size>
		<width>616</width>
		<height>530</height>
		<depth>3</depth>
	</size>
	<segmented>0</segmented>
	<object>
		<name>ship</name>
		<pose>Unspecified</pose>
		<truncated>0</truncated>
		<difficult>0</difficult>
		<bndbox>
			<xmin>273</xmin>
			<ymin>107</ymin>
			<xmax>406</xmax>
			<ymax>441</ymax>
		</bndbox>
	</object>
</annotation>
