<annotation>
	<folder>ship</folder>
	<filename>000136.jpg</filename>
	<path>E:\our_data\new\ship\000136.jpg</path>
	<source>
		<database>Unknown</database>
	</source>
	<size>
		<width>860</width>
		<height>460</height>
		<depth>3</depth>
	</size>
	<segmented>0</segmented>
	<object>
		<name>ship</name>
		<pose>Unspecified</pose>
		<truncated>0</truncated>
		<difficult>0</difficult>
		<bndbox>
			<xmin>317</xmin>
			<ymin>235</ymin>
			<xmax>615</xmax>
			<ymax>324</ymax>
		</bndbox>
	</object>
</annotation>
