<annotation>
	<folder>ship</folder>
	<filename>000174.jpg</filename>
	<path>E:\our_data\new\ship\000174.jpg</path>
	<source>
		<database>Unknown</database>
	</source>
	<size>
		<width>1197</width>
		<height>585</height>
		<depth>3</depth>
	</size>
	<segmented>0</segmented>
	<object>
		<name>ship</name>
		<pose>Unspecified</pose>
		<truncated>0</truncated>
		<difficult>0</difficult>
		<bndbox>
			<xmin>192</xmin>
			<ymin>180</ymin>
			<xmax>1084</xmax>
			<ymax>384</ymax>
		</bndbox>
	</object>
</annotation>
