<annotation>
	<folder>human1</folder>
	<filename>000110.jpg</filename>
	<path>C:\Users\zhang\Desktop\水下图像目标检测\human1\000110.jpg</path>
	<source>
		<database>Unknown</database>
	</source>
	<size>
		<width>1032</width>
		<height>751</height>
		<depth>3</depth>
	</size>
	<segmented>0</segmented>
	<object>
		<name>human</name>
		<pose>Unspecified</pose>
		<truncated>0</truncated>
		<difficult>0</difficult>
		<bndbox>
			<xmin>386</xmin>
			<ymin>196</ymin>
			<xmax>549</xmax>
			<ymax>290</ymax>
		</bndbox>
	</object>
</annotation>
