<annotation>
	<folder>human1</folder>
	<filename>000117.jpg</filename>
	<path>C:\Users\zhang\Desktop\水下图像目标检测\human1\000117.jpg</path>
	<source>
		<database>Unknown</database>
	</source>
	<size>
		<width>512</width>
		<height>1024</height>
		<depth>3</depth>
	</size>
	<segmented>0</segmented>
	<object>
		<name>human</name>
		<pose>Unspecified</pose>
		<truncated>0</truncated>
		<difficult>0</difficult>
		<bndbox>
			<xmin>286</xmin>
			<ymin>205</ymin>
			<xmax>312</xmax>
			<ymax>262</ymax>
		</bndbox>
	</object>
</annotation>
