<annotation>
	<folder>ship</folder>
	<filename>000145.jpg</filename>
	<path>E:\our_data\new\ship\000145.jpg</path>
	<source>
		<database>Unknown</database>
	</source>
	<size>
		<width>491</width>
		<height>275</height>
		<depth>3</depth>
	</size>
	<segmented>0</segmented>
	<object>
		<name>ship</name>
		<pose>Unspecified</pose>
		<truncated>0</truncated>
		<difficult>0</difficult>
		<bndbox>
			<xmin>66</xmin>
			<ymin>45</ymin>
			<xmax>399</xmax>
			<ymax>153</ymax>
		</bndbox>
	</object>
</annotation>
