<annotation>
	<folder>ship</folder>
	<filename>000180.jpg</filename>
	<path>E:\our_data\new\ship\000180.jpg</path>
	<source>
		<database>Unknown</database>
	</source>
	<size>
		<width>800</width>
		<height>480</height>
		<depth>3</depth>
	</size>
	<segmented>0</segmented>
	<object>
		<name>ship</name>
		<pose>Unspecified</pose>
		<truncated>0</truncated>
		<difficult>0</difficult>
		<bndbox>
			<xmin>143</xmin>
			<ymin>106</ymin>
			<xmax>663</xmax>
			<ymax>267</ymax>
		</bndbox>
	</object>
</annotation>
