<annotation>
	<folder>ship</folder>
	<filename>000196.jpg</filename>
	<path>E:\our_data\new\ship\000196.jpg</path>
	<source>
		<database>Unknown</database>
	</source>
	<size>
		<width>1280</width>
		<height>427</height>
		<depth>1</depth>
	</size>
	<segmented>0</segmented>
	<object>
		<name>ship</name>
		<pose>Unspecified</pose>
		<truncated>0</truncated>
		<difficult>0</difficult>
		<bndbox>
			<xmin>87</xmin>
			<ymin>90</ymin>
			<xmax>1252</xmax>
			<ymax>395</ymax>
		</bndbox>
	</object>
</annotation>
