<annotation>
	<folder>ship</folder>
	<filename>000193.jpg</filename>
	<path>E:\our_data\new\ship\000193.jpg</path>
	<source>
		<database>Unknown</database>
	</source>
	<size>
		<width>790</width>
		<height>388</height>
		<depth>1</depth>
	</size>
	<segmented>0</segmented>
	<object>
		<name>ship</name>
		<pose>Unspecified</pose>
		<truncated>0</truncated>
		<difficult>0</difficult>
		<bndbox>
			<xmin>190</xmin>
			<ymin>148</ymin>
			<xmax>564</xmax>
			<ymax>242</ymax>
		</bndbox>
	</object>
</annotation>
