<annotation>
	<folder>human1</folder>
	<filename>000134.jpg</filename>
	<path>C:\Users\zhang\Desktop\水下图像目标检测\human1\000134.jpg</path>
	<source>
		<database>Unknown</database>
	</source>
	<size>
		<width>185</width>
		<height>158</height>
		<depth>3</depth>
	</size>
	<segmented>0</segmented>
	<object>
		<name>human</name>
		<pose>Unspecified</pose>
		<truncated>0</truncated>
		<difficult>0</difficult>
		<bndbox>
			<xmin>83</xmin>
			<ymin>64</ymin>
			<xmax>108</xmax>
			<ymax>117</ymax>
		</bndbox>
	</object>
</annotation>
