<annotation>
	<folder>human1</folder>
	<filename>000102.jpg</filename>
	<path>C:\Users\zhang\Desktop\水下图像目标检测\human1\000102.jpg</path>
	<source>
		<database>Unknown</database>
	</source>
	<size>
		<width>266</width>
		<height>190</height>
		<depth>3</depth>
	</size>
	<segmented>0</segmented>
	<object>
		<name>human</name>
		<pose>Unspecified</pose>
		<truncated>0</truncated>
		<difficult>0</difficult>
		<bndbox>
			<xmin>120</xmin>
			<ymin>57</ymin>
			<xmax>163</xmax>
			<ymax>116</ymax>
		</bndbox>
	</object>
</annotation>
