<annotation>
	<folder>human1</folder>
	<filename>000100.jpg</filename>
	<path>C:\Users\zhang\Desktop\水下图像目标检测\human1\000100.jpg</path>
	<source>
		<database>Unknown</database>
	</source>
	<size>
		<width>218</width>
		<height>231</height>
		<depth>3</depth>
	</size>
	<segmented>0</segmented>
	<object>
		<name>human</name>
		<pose>Unspecified</pose>
		<truncated>0</truncated>
		<difficult>0</difficult>
		<bndbox>
			<xmin>94</xmin>
			<ymin>96</ymin>
			<xmax>125</xmax>
			<ymax>168</ymax>
		</bndbox>
	</object>
</annotation>
