<annotation>
	<folder>ship</folder>
	<filename>000138.jpg</filename>
	<path>E:\our_data\new\ship\000138.jpg</path>
	<source>
		<database>Unknown</database>
	</source>
	<size>
		<width>950</width>
		<height>360</height>
		<depth>3</depth>
	</size>
	<segmented>0</segmented>
	<object>
		<name>ship</name>
		<pose>Unspecified</pose>
		<truncated>1</truncated>
		<difficult>0</difficult>
		<bndbox>
			<xmin>250</xmin>
			<ymin>10</ymin>
			<xmax>950</xmax>
			<ymax>320</ymax>
		</bndbox>
	</object>
</annotation>
