<annotation>
	<folder>human1</folder>
	<filename>000133.jpg</filename>
	<path>C:\Users\zhang\Desktop\水下图像目标检测\human1\000133.jpg</path>
	<source>
		<database>Unknown</database>
	</source>
	<size>
		<width>1699</width>
		<height>638</height>
		<depth>3</depth>
	</size>
	<segmented>0</segmented>
	<object>
		<name>human</name>
		<pose>Unspecified</pose>
		<truncated>0</truncated>
		<difficult>0</difficult>
		<bndbox>
			<xmin>855</xmin>
			<ymin>322</ymin>
			<xmax>998</xmax>
			<ymax>500</ymax>
		</bndbox>
	</object>
</annotation>
