<annotation>
	<folder>ship</folder>
	<filename>000149.jpg</filename>
	<path>E:\our_data\new\ship\000149.jpg</path>
	<source>
		<database>Unknown</database>
	</source>
	<size>
		<width>850</width>
		<height>956</height>
		<depth>3</depth>
	</size>
	<segmented>0</segmented>
	<object>
		<name>ship</name>
		<pose>Unspecified</pose>
		<truncated>0</truncated>
		<difficult>0</difficult>
		<bndbox>
			<xmin>334</xmin>
			<ymin>91</ymin>
			<xmax>511</xmax>
			<ymax>848</ymax>
		</bndbox>
	</object>
</annotation>
