<annotation>
	<folder>ship</folder>
	<filename>000177.jpg</filename>
	<path>E:\our_data\new\ship\000177.jpg</path>
	<source>
		<database>Unknown</database>
	</source>
	<size>
		<width>814</width>
		<height>683</height>
		<depth>3</depth>
	</size>
	<segmented>0</segmented>
	<object>
		<name>ship</name>
		<pose>Unspecified</pose>
		<truncated>0</truncated>
		<difficult>0</difficult>
		<bndbox>
			<xmin>319</xmin>
			<ymin>104</ymin>
			<xmax>546</xmax>
			<ymax>535</ymax>
		</bndbox>
	</object>
</annotation>
