<annotation>
	<folder>ship</folder>
	<filename>000175.jpg</filename>
	<path>E:\our_data\new\ship\000175.jpg</path>
	<source>
		<database>Unknown</database>
	</source>
	<size>
		<width>595</width>
		<height>633</height>
		<depth>3</depth>
	</size>
	<segmented>0</segmented>
	<object>
		<name>ship</name>
		<pose>Unspecified</pose>
		<truncated>0</truncated>
		<difficult>0</difficult>
		<bndbox>
			<xmin>331</xmin>
			<ymin>85</ymin>
			<xmax>448</xmax>
			<ymax>490</ymax>
		</bndbox>
	</object>
</annotation>
