<annotation>
	<folder>ship</folder>
	<filename>000197.jpg</filename>
	<path>E:\our_data\new\ship\000197.jpg</path>
	<source>
		<database>Unknown</database>
	</source>
	<size>
		<width>724</width>
		<height>470</height>
		<depth>3</depth>
	</size>
	<segmented>0</segmented>
	<object>
		<name>ship</name>
		<pose>Unspecified</pose>
		<truncated>0</truncated>
		<difficult>0</difficult>
		<bndbox>
			<xmin>38</xmin>
			<ymin>171</ymin>
			<xmax>674</xmax>
			<ymax>352</ymax>
		</bndbox>
	</object>
</annotation>
