<annotation>
	<folder>ship</folder>
	<filename>000192.jpg</filename>
	<path>E:\our_data\new\ship\000192.jpg</path>
	<source>
		<database>Unknown</database>
	</source>
	<size>
		<width>702</width>
		<height>468</height>
		<depth>3</depth>
	</size>
	<segmented>0</segmented>
	<object>
		<name>ship</name>
		<pose>Unspecified</pose>
		<truncated>0</truncated>
		<difficult>0</difficult>
		<bndbox>
			<xmin>298</xmin>
			<ymin>149</ymin>
			<xmax>431</xmax>
			<ymax>306</ymax>
		</bndbox>
	</object>
</annotation>
