<annotation>
	<folder>human1</folder>
	<filename>000125.jpg</filename>
	<path>C:\Users\zhang\Desktop\水下图像目标检测\human1\000125.jpg</path>
	<source>
		<database>Unknown</database>
	</source>
	<size>
		<width>222</width>
		<height>227</height>
		<depth>3</depth>
	</size>
	<segmented>0</segmented>
	<object>
		<name>human</name>
		<pose>Unspecified</pose>
		<truncated>0</truncated>
		<difficult>0</difficult>
		<bndbox>
			<xmin>76</xmin>
			<ymin>44</ymin>
			<xmax>117</xmax>
			<ymax>169</ymax>
		</bndbox>
	</object>
</annotation>
