<annotation>
	<folder>ship</folder>
	<filename>000164.jpg</filename>
	<path>E:\our_data\new\ship\000164.jpg</path>
	<source>
		<database>Unknown</database>
	</source>
	<size>
		<width>539</width>
		<height>544</height>
		<depth>3</depth>
	</size>
	<segmented>0</segmented>
	<object>
		<name>ship</name>
		<pose>Unspecified</pose>
		<truncated>0</truncated>
		<difficult>0</difficult>
		<bndbox>
			<xmin>274</xmin>
			<ymin>92</ymin>
			<xmax>353</xmax>
			<ymax>216</ymax>
		</bndbox>
	</object>
</annotation>
