<annotation>
	<folder>human1</folder>
	<filename>000109.jpg</filename>
	<path>C:\Users\zhang\Desktop\水下图像目标检测\human1\000109.jpg</path>
	<source>
		<database>Unknown</database>
	</source>
	<size>
		<width>1232</width>
		<height>745</height>
		<depth>3</depth>
	</size>
	<segmented>0</segmented>
	<object>
		<name>human</name>
		<pose>Unspecified</pose>
		<truncated>0</truncated>
		<difficult>0</difficult>
		<bndbox>
			<xmin>627</xmin>
			<ymin>381</ymin>
			<xmax>780</xmax>
			<ymax>531</ymax>
		</bndbox>
	</object>
</annotation>
