<annotation>
	<folder>ship</folder>
	<filename>000185.jpg</filename>
	<path>E:\our_data\new\ship\000185.jpg</path>
	<source>
		<database>Unknown</database>
	</source>
	<size>
		<width>563</width>
		<height>550</height>
		<depth>3</depth>
	</size>
	<segmented>0</segmented>
	<object>
		<name>ship</name>
		<pose>Unspecified</pose>
		<truncated>0</truncated>
		<difficult>0</difficult>
		<bndbox>
			<xmin>140</xmin>
			<ymin>73</ymin>
			<xmax>375</xmax>
			<ymax>548</ymax>
		</bndbox>
	</object>
</annotation>
