<annotation>
	<folder>ship</folder>
	<filename>000169.jpg</filename>
	<path>E:\our_data\new\ship\000169.jpg</path>
	<source>
		<database>Unknown</database>
	</source>
	<size>
		<width>399</width>
		<height>271</height>
		<depth>3</depth>
	</size>
	<segmented>0</segmented>
	<object>
		<name>ship</name>
		<pose>Unspecified</pose>
		<truncated>0</truncated>
		<difficult>0</difficult>
		<bndbox>
			<xmin>20</xmin>
			<ymin>130</ymin>
			<xmax>398</xmax>
			<ymax>231</ymax>
		</bndbox>
	</object>
</annotation>
