<annotation>
	<folder>ship</folder>
	<filename>000168.jpg</filename>
	<path>E:\our_data\new\ship\000168.jpg</path>
	<source>
		<database>Unknown</database>
	</source>
	<size>
		<width>956</width>
		<height>375</height>
		<depth>3</depth>
	</size>
	<segmented>0</segmented>
	<object>
		<name>ship</name>
		<pose>Unspecified</pose>
		<truncated>0</truncated>
		<difficult>0</difficult>
		<bndbox>
			<xmin>33</xmin>
			<ymin>96</ymin>
			<xmax>896</xmax>
			<ymax>270</ymax>
		</bndbox>
	</object>
</annotation>
