<annotation>
	<folder>human1</folder>
	<filename>000104.jpg</filename>
	<path>C:\Users\zhang\Desktop\水下图像目标检测\human1\000104.jpg</path>
	<source>
		<database>Unknown</database>
	</source>
	<size>
		<width>766</width>
		<height>753</height>
		<depth>3</depth>
	</size>
	<segmented>0</segmented>
	<object>
		<name>human</name>
		<pose>Unspecified</pose>
		<truncated>0</truncated>
		<difficult>0</difficult>
		<bndbox>
			<xmin>429</xmin>
			<ymin>14</ymin>
			<xmax>480</xmax>
			<ymax>109</ymax>
		</bndbox>
	</object>
</annotation>
