<annotation>
	<folder>ship</folder>
	<filename>000157.jpg</filename>
	<path>E:\our_data\new\ship\000157.jpg</path>
	<source>
		<database>Unknown</database>
	</source>
	<size>
		<width>699</width>
		<height>457</height>
		<depth>3</depth>
	</size>
	<segmented>0</segmented>
	<object>
		<name>ship</name>
		<pose>Unspecified</pose>
		<truncated>0</truncated>
		<difficult>0</difficult>
		<bndbox>
			<xmin>517</xmin>
			<ymin>150</ymin>
			<xmax>606</xmax>
			<ymax>301</ymax>
		</bndbox>
	</object>
</annotation>
