<annotation>
	<folder>ship</folder>
	<filename>000187.jpg</filename>
	<path>E:\our_data\new\ship\000187.jpg</path>
	<source>
		<database>Unknown</database>
	</source>
	<size>
		<width>800</width>
		<height>382</height>
		<depth>3</depth>
	</size>
	<segmented>0</segmented>
	<object>
		<name>ship</name>
		<pose>Unspecified</pose>
		<truncated>0</truncated>
		<difficult>0</difficult>
		<bndbox>
			<xmin>206</xmin>
			<ymin>53</ymin>
			<xmax>602</xmax>
			<ymax>141</ymax>
		</bndbox>
	</object>
</annotation>
