<annotation>
	<folder>ship</folder>
	<filename>000167.jpg</filename>
	<path>E:\our_data\new\ship\000167.jpg</path>
	<source>
		<database>Unknown</database>
	</source>
	<size>
		<width>465</width>
		<height>289</height>
		<depth>3</depth>
	</size>
	<segmented>0</segmented>
	<object>
		<name>ship</name>
		<pose>Unspecified</pose>
		<truncated>1</truncated>
		<difficult>0</difficult>
		<bndbox>
			<xmin>1</xmin>
			<ymin>10</ymin>
			<xmax>432</xmax>
			<ymax>255</ymax>
		</bndbox>
	</object>
</annotation>
