<annotation>
	<folder>human1</folder>
	<filename>000129.jpg</filename>
	<path>C:\Users\zhang\Desktop\水下图像目标检测\human1\000129.jpg</path>
	<source>
		<database>Unknown</database>
	</source>
	<size>
		<width>1354</width>
		<height>864</height>
		<depth>3</depth>
	</size>
	<segmented>0</segmented>
	<object>
		<name>human</name>
		<pose>Unspecified</pose>
		<truncated>1</truncated>
		<difficult>0</difficult>
		<bndbox>
			<xmin>681</xmin>
			<ymin>548</ymin>
			<xmax>938</xmax>
			<ymax>864</ymax>
		</bndbox>
	</object>
</annotation>
