<annotation>
	<folder>ship</folder>
	<filename>000165.jpg</filename>
	<path>E:\our_data\new\ship\000165.jpg</path>
	<source>
		<database>Unknown</database>
	</source>
	<size>
		<width>975</width>
		<height>600</height>
		<depth>3</depth>
	</size>
	<segmented>0</segmented>
	<object>
		<name>ship</name>
		<pose>Unspecified</pose>
		<truncated>0</truncated>
		<difficult>0</difficult>
		<bndbox>
			<xmin>96</xmin>
			<ymin>26</ymin>
			<xmax>874</xmax>
			<ymax>306</ymax>
		</bndbox>
	</object>
</annotation>
