<annotation>
	<folder>human1</folder>
	<filename>000105.jpg</filename>
	<path>C:\Users\zhang\Desktop\水下图像目标检测\human1\000105.jpg</path>
	<source>
		<database>Unknown</database>
	</source>
	<size>
		<width>807</width>
		<height>900</height>
		<depth>3</depth>
	</size>
	<segmented>0</segmented>
	<object>
		<name>human</name>
		<pose>Unspecified</pose>
		<truncated>0</truncated>
		<difficult>0</difficult>
		<bndbox>
			<xmin>64</xmin>
			<ymin>237</ymin>
			<xmax>219</xmax>
			<ymax>363</ymax>
		</bndbox>
	</object>
</annotation>
