<annotation>
	<folder>ship</folder>
	<filename>000154.jpg</filename>
	<path>E:\our_data\new\ship\000154.jpg</path>
	<source>
		<database>Unknown</database>
	</source>
	<size>
		<width>447</width>
		<height>497</height>
		<depth>3</depth>
	</size>
	<segmented>0</segmented>
	<object>
		<name>ship</name>
		<pose>Unspecified</pose>
		<truncated>0</truncated>
		<difficult>0</difficult>
		<bndbox>
			<xmin>17</xmin>
			<ymin>57</ymin>
			<xmax>438</xmax>
			<ymax>333</ymax>
		</bndbox>
	</object>
</annotation>
