<annotation>
	<folder>human1</folder>
	<filename>000106.jpg</filename>
	<path>C:\Users\zhang\Desktop\水下图像目标检测\human1\000106.jpg</path>
	<source>
		<database>Unknown</database>
	</source>
	<size>
		<width>980</width>
		<height>673</height>
		<depth>1</depth>
	</size>
	<segmented>0</segmented>
	<object>
		<name>human</name>
		<pose>Unspecified</pose>
		<truncated>0</truncated>
		<difficult>0</difficult>
		<bndbox>
			<xmin>321</xmin>
			<ymin>229</ymin>
			<xmax>398</xmax>
			<ymax>303</ymax>
		</bndbox>
	</object>
	<object>
		<name>human</name>
		<pose>Unspecified</pose>
		<truncated>0</truncated>
		<difficult>0</difficult>
		<bndbox>
			<xmin>572</xmin>
			<ymin>329</ymin>
			<xmax>650</xmax>
			<ymax>392</ymax>
		</bndbox>
	</object>
</annotation>
