<annotation>
	<folder>ship</folder>
	<filename>000143.jpg</filename>
	<path>E:\our_data\new\ship\000143.jpg</path>
	<source>
		<database>Unknown</database>
	</source>
	<size>
		<width>862</width>
		<height>575</height>
		<depth>3</depth>
	</size>
	<segmented>0</segmented>
	<object>
		<name>ship</name>
		<pose>Unspecified</pose>
		<truncated>1</truncated>
		<difficult>0</difficult>
		<bndbox>
			<xmin>177</xmin>
			<ymin>1</ymin>
			<xmax>292</xmax>
			<ymax>573</ymax>
		</bndbox>
	</object>
</annotation>
