<annotation>
	<folder>human1</folder>
	<filename>000130.jpg</filename>
	<path>C:\Users\zhang\Desktop\水下图像目标检测\human1\000130.jpg</path>
	<source>
		<database>Unknown</database>
	</source>
	<size>
		<width>1110</width>
		<height>673</height>
		<depth>3</depth>
	</size>
	<segmented>0</segmented>
	<object>
		<name>human</name>
		<pose>Unspecified</pose>
		<truncated>0</truncated>
		<difficult>0</difficult>
		<bndbox>
			<xmin>359</xmin>
			<ymin>269</ymin>
			<xmax>459</xmax>
			<ymax>369</ymax>
		</bndbox>
	</object>
</annotation>
