<annotation>
	<folder>ship</folder>
	<filename>000147.jpg</filename>
	<path>E:\our_data\new\ship\000147.jpg</path>
	<source>
		<database>Unknown</database>
	</source>
	<size>
		<width>414</width>
		<height>390</height>
		<depth>3</depth>
	</size>
	<segmented>0</segmented>
	<object>
		<name>ship</name>
		<pose>Unspecified</pose>
		<truncated>0</truncated>
		<difficult>0</difficult>
		<bndbox>
			<xmin>155</xmin>
			<ymin>52</ymin>
			<xmax>273</xmax>
			<ymax>365</ymax>
		</bndbox>
	</object>
</annotation>
