<annotation>
	<folder>ship</folder>
	<filename>000181.jpg</filename>
	<path>E:\our_data\new\ship\000181.jpg</path>
	<source>
		<database>Unknown</database>
	</source>
	<size>
		<width>550</width>
		<height>459</height>
		<depth>3</depth>
	</size>
	<segmented>0</segmented>
	<object>
		<name>ship</name>
		<pose>Unspecified</pose>
		<truncated>0</truncated>
		<difficult>0</difficult>
		<bndbox>
			<xmin>99</xmin>
			<ymin>117</ymin>
			<xmax>414</xmax>
			<ymax>232</ymax>
		</bndbox>
	</object>
</annotation>
