<annotation>
	<folder>ship</folder>
	<filename>000155.jpg</filename>
	<path>E:\our_data\new\ship\000155.jpg</path>
	<source>
		<database>Unknown</database>
	</source>
	<size>
		<width>929</width>
		<height>600</height>
		<depth>3</depth>
	</size>
	<segmented>0</segmented>
	<object>
		<name>ship</name>
		<pose>Unspecified</pose>
		<truncated>0</truncated>
		<difficult>0</difficult>
		<bndbox>
			<xmin>148</xmin>
			<ymin>205</ymin>
			<xmax>772</xmax>
			<ymax>445</ymax>
		</bndbox>
	</object>
</annotation>
