<annotation>
	<folder>ship</folder>
	<filename>000195.jpg</filename>
	<path>E:\our_data\new\ship\000195.jpg</path>
	<source>
		<database>Unknown</database>
	</source>
	<size>
		<width>520</width>
		<height>324</height>
		<depth>3</depth>
	</size>
	<segmented>0</segmented>
	<object>
		<name>ship</name>
		<pose>Unspecified</pose>
		<truncated>0</truncated>
		<difficult>0</difficult>
		<bndbox>
			<xmin>32</xmin>
			<ymin>150</ymin>
			<xmax>477</xmax>
			<ymax>204</ymax>
		</bndbox>
	</object>
</annotation>
