<annotation>
	<folder>ship</folder>
	<filename>000162.jpg</filename>
	<path>E:\our_data\new\ship\000162.jpg</path>
	<source>
		<database>Unknown</database>
	</source>
	<size>
		<width>903</width>
		<height>486</height>
		<depth>3</depth>
	</size>
	<segmented>0</segmented>
	<object>
		<name>ship</name>
		<pose>Unspecified</pose>
		<truncated>0</truncated>
		<difficult>0</difficult>
		<bndbox>
			<xmin>25</xmin>
			<ymin>114</ymin>
			<xmax>680</xmax>
			<ymax>318</ymax>
		</bndbox>
	</object>
</annotation>
