<annotation>
	<folder>ship</folder>
	<filename>000278.jpg</filename>
	<path>E:\our_data\new\ship\000278.jpg</path>
	<source>
		<database>Unknown</database>
	</source>
	<size>
		<width>234</width>
		<height>216</height>
		<depth>3</depth>
	</size>
	<segmented>0</segmented>
	<object>
		<name>ship</name>
		<pose>Unspecified</pose>
		<truncated>0</truncated>
		<difficult>0</difficult>
		<bndbox>
			<xmin>56</xmin>
			<ymin>36</ymin>
			<xmax>174</xmax>
			<ymax>196</ymax>
		</bndbox>
	</object>
</annotation>
