<annotation>
	<folder>ship</folder>
	<filename>000290.jpg</filename>
	<path>E:\our_data\new\ship\000290.jpg</path>
	<source>
		<database>Unknown</database>
	</source>
	<size>
		<width>281</width>
		<height>179</height>
		<depth>3</depth>
	</size>
	<segmented>0</segmented>
	<object>
		<name>ship</name>
		<pose>Unspecified</pose>
		<truncated>0</truncated>
		<difficult>0</difficult>
		<bndbox>
			<xmin>23</xmin>
			<ymin>25</ymin>
			<xmax>107</xmax>
			<ymax>120</ymax>
		</bndbox>
	</object>
</annotation>
