<annotation>
	<folder>ship</folder>
	<filename>000214.jpg</filename>
	<path>E:\our_data\new\ship\000214.jpg</path>
	<source>
		<database>Unknown</database>
	</source>
	<size>
		<width>430</width>
		<height>430</height>
		<depth>3</depth>
	</size>
	<segmented>0</segmented>
	<object>
		<name>ship</name>
		<pose>Unspecified</pose>
		<truncated>0</truncated>
		<difficult>0</difficult>
		<bndbox>
			<xmin>19</xmin>
			<ymin>105</ymin>
			<xmax>429</xmax>
			<ymax>429</ymax>
		</bndbox>
	</object>
</annotation>
