<annotation>
	<folder>ship</folder>
	<filename>000212.jpg</filename>
	<path>E:\our_data\new\ship\000212.jpg</path>
	<source>
		<database>Unknown</database>
	</source>
	<size>
		<width>725</width>
		<height>520</height>
		<depth>3</depth>
	</size>
	<segmented>0</segmented>
	<object>
		<name>ship</name>
		<pose>Unspecified</pose>
		<truncated>0</truncated>
		<difficult>0</difficult>
		<bndbox>
			<xmin>13</xmin>
			<ymin>186</ymin>
			<xmax>688</xmax>
			<ymax>367</ymax>
		</bndbox>
	</object>
</annotation>
