<annotation>
	<folder>ship</folder>
	<filename>000228.jpg</filename>
	<path>E:\our_data\new\ship\000228.jpg</path>
	<source>
		<database>Unknown</database>
	</source>
	<size>
		<width>236</width>
		<height>214</height>
		<depth>3</depth>
	</size>
	<segmented>0</segmented>
	<object>
		<name>ship</name>
		<pose>Unspecified</pose>
		<truncated>0</truncated>
		<difficult>0</difficult>
		<bndbox>
			<xmin>45</xmin>
			<ymin>4</ymin>
			<xmax>221</xmax>
			<ymax>210</ymax>
		</bndbox>
	</object>
</annotation>
