<annotation>
	<folder>ship</folder>
	<filename>000258.jpg</filename>
	<path>E:\our_data\new\ship\000258.jpg</path>
	<source>
		<database>Unknown</database>
	</source>
	<size>
		<width>259</width>
		<height>194</height>
		<depth>1</depth>
	</size>
	<segmented>0</segmented>
	<object>
		<name>ship</name>
		<pose>Unspecified</pose>
		<truncated>0</truncated>
		<difficult>0</difficult>
		<bndbox>
			<xmin>48</xmin>
			<ymin>50</ymin>
			<xmax>212</xmax>
			<ymax>89</ymax>
		</bndbox>
	</object>
</annotation>
