<annotation>
	<folder>ship</folder>
	<filename>000226.jpg</filename>
	<path>E:\our_data\new\ship\000226.jpg</path>
	<source>
		<database>Unknown</database>
	</source>
	<size>
		<width>423</width>
		<height>119</height>
		<depth>3</depth>
	</size>
	<segmented>0</segmented>
	<object>
		<name>ship</name>
		<pose>Unspecified</pose>
		<truncated>0</truncated>
		<difficult>0</difficult>
		<bndbox>
			<xmin>24</xmin>
			<ymin>14</ymin>
			<xmax>419</xmax>
			<ymax>98</ymax>
		</bndbox>
	</object>
</annotation>
