<annotation>
	<folder>ship</folder>
	<filename>000231.jpg</filename>
	<path>E:\our_data\new\ship\000231.jpg</path>
	<source>
		<database>Unknown</database>
	</source>
	<size>
		<width>252</width>
		<height>176</height>
		<depth>3</depth>
	</size>
	<segmented>0</segmented>
	<object>
		<name>ship</name>
		<pose>Unspecified</pose>
		<truncated>0</truncated>
		<difficult>0</difficult>
		<bndbox>
			<xmin>52</xmin>
			<ymin>63</ymin>
			<xmax>185</xmax>
			<ymax>122</ymax>
		</bndbox>
	</object>
</annotation>
