<annotation>
	<folder>ship</folder>
	<filename>000201.jpg</filename>
	<path>E:\our_data\new\ship\000201.jpg</path>
	<source>
		<database>Unknown</database>
	</source>
	<size>
		<width>600</width>
		<height>412</height>
		<depth>3</depth>
	</size>
	<segmented>0</segmented>
	<object>
		<name>ship</name>
		<pose>Unspecified</pose>
		<truncated>0</truncated>
		<difficult>0</difficult>
		<bndbox>
			<xmin>331</xmin>
			<ymin>103</ymin>
			<xmax>416</xmax>
			<ymax>342</ymax>
		</bndbox>
	</object>
</annotation>
