<annotation>
	<folder>ship</folder>
	<filename>000237.jpg</filename>
	<path>E:\our_data\new\ship\000237.jpg</path>
	<source>
		<database>Unknown</database>
	</source>
	<size>
		<width>265</width>
		<height>190</height>
		<depth>3</depth>
	</size>
	<segmented>0</segmented>
	<object>
		<name>ship</name>
		<pose>Unspecified</pose>
		<truncated>1</truncated>
		<difficult>0</difficult>
		<bndbox>
			<xmin>1</xmin>
			<ymin>11</ymin>
			<xmax>253</xmax>
			<ymax>147</ymax>
		</bndbox>
	</object>
</annotation>
