<annotation>
	<folder>ship</folder>
	<filename>000246.jpg</filename>
	<path>E:\our_data\new\ship\000246.jpg</path>
	<source>
		<database>Unknown</database>
	</source>
	<size>
		<width>281</width>
		<height>179</height>
		<depth>3</depth>
	</size>
	<segmented>0</segmented>
	<object>
		<name>ship</name>
		<pose>Unspecified</pose>
		<truncated>0</truncated>
		<difficult>0</difficult>
		<bndbox>
			<xmin>67</xmin>
			<ymin>111</ymin>
			<xmax>262</xmax>
			<ymax>144</ymax>
		</bndbox>
	</object>
</annotation>
