<annotation>
	<folder>ship</folder>
	<filename>000281.jpg</filename>
	<path>E:\our_data\new\ship\000281.jpg</path>
	<source>
		<database>Unknown</database>
	</source>
	<size>
		<width>383</width>
		<height>132</height>
		<depth>3</depth>
	</size>
	<segmented>0</segmented>
	<object>
		<name>ship</name>
		<pose>Unspecified</pose>
		<truncated>1</truncated>
		<difficult>0</difficult>
		<bndbox>
			<xmin>1</xmin>
			<ymin>36</ymin>
			<xmax>377</xmax>
			<ymax>102</ymax>
		</bndbox>
	</object>
</annotation>
