<annotation>
	<folder>ship</folder>
	<filename>000255.jpg</filename>
	<path>E:\our_data\new\ship\000255.jpg</path>
	<source>
		<database>Unknown</database>
	</source>
	<size>
		<width>222</width>
		<height>227</height>
		<depth>3</depth>
	</size>
	<segmented>0</segmented>
	<object>
		<name>ship</name>
		<pose>Unspecified</pose>
		<truncated>0</truncated>
		<difficult>0</difficult>
		<bndbox>
			<xmin>65</xmin>
			<ymin>20</ymin>
			<xmax>108</xmax>
			<ymax>193</ymax>
		</bndbox>
	</object>
</annotation>
