<annotation>
	<folder>ship</folder>
	<filename>000284.jpg</filename>
	<path>E:\our_data\new\ship\000284.jpg</path>
	<source>
		<database>Unknown</database>
	</source>
	<size>
		<width>254</width>
		<height>198</height>
		<depth>3</depth>
	</size>
	<segmented>0</segmented>
	<object>
		<name>ship</name>
		<pose>Unspecified</pose>
		<truncated>1</truncated>
		<difficult>0</difficult>
		<bndbox>
			<xmin>1</xmin>
			<ymin>12</ymin>
			<xmax>250</xmax>
			<ymax>78</ymax>
		</bndbox>
	</object>
</annotation>
