<annotation>
	<folder>ship</folder>
	<filename>000218.jpg</filename>
	<path>E:\our_data\new\ship\000218.jpg</path>
	<source>
		<database>Unknown</database>
	</source>
	<size>
		<width>285</width>
		<height>177</height>
		<depth>3</depth>
	</size>
	<segmented>0</segmented>
	<object>
		<name>ship</name>
		<pose>Unspecified</pose>
		<truncated>0</truncated>
		<difficult>0</difficult>
		<bndbox>
			<xmin>119</xmin>
			<ymin>79</ymin>
			<xmax>215</xmax>
			<ymax>112</ymax>
		</bndbox>
	</object>
</annotation>
