<annotation>
	<folder>ship</folder>
	<filename>000268.jpg</filename>
	<path>E:\our_data\new\ship\000268.jpg</path>
	<source>
		<database>Unknown</database>
	</source>
	<size>
		<width>178</width>
		<height>283</height>
		<depth>3</depth>
	</size>
	<segmented>0</segmented>
	<object>
		<name>ship</name>
		<pose>Unspecified</pose>
		<truncated>0</truncated>
		<difficult>0</difficult>
		<bndbox>
			<xmin>38</xmin>
			<ymin>6</ymin>
			<xmax>83</xmax>
			<ymax>209</ymax>
		</bndbox>
	</object>
</annotation>
