<annotation>
	<folder>ship</folder>
	<filename>000247.jpg</filename>
	<path>E:\our_data\new\ship\000247.jpg</path>
	<source>
		<database>Unknown</database>
	</source>
	<size>
		<width>300</width>
		<height>168</height>
		<depth>3</depth>
	</size>
	<segmented>0</segmented>
	<object>
		<name>ship</name>
		<pose>Unspecified</pose>
		<truncated>0</truncated>
		<difficult>0</difficult>
		<bndbox>
			<xmin>41</xmin>
			<ymin>27</ymin>
			<xmax>244</xmax>
			<ymax>96</ymax>
		</bndbox>
	</object>
</annotation>
