<annotation>
	<folder>ship</folder>
	<filename>000206.jpg</filename>
	<path>E:\our_data\new\ship\000206.jpg</path>
	<source>
		<database>Unknown</database>
	</source>
	<size>
		<width>981</width>
		<height>1045</height>
		<depth>3</depth>
	</size>
	<segmented>0</segmented>
	<object>
		<name>ship</name>
		<pose>Unspecified</pose>
		<truncated>0</truncated>
		<difficult>0</difficult>
		<bndbox>
			<xmin>418</xmin>
			<ymin>176</ymin>
			<xmax>665</xmax>
			<ymax>863</ymax>
		</bndbox>
	</object>
</annotation>
