<annotation>
	<folder>ship</folder>
	<filename>000288.jpg</filename>
	<path>E:\our_data\new\ship\000288.jpg</path>
	<source>
		<database>Unknown</database>
	</source>
	<size>
		<width>249</width>
		<height>202</height>
		<depth>3</depth>
	</size>
	<segmented>0</segmented>
	<object>
		<name>ship</name>
		<pose>Unspecified</pose>
		<truncated>0</truncated>
		<difficult>0</difficult>
		<bndbox>
			<xmin>59</xmin>
			<ymin>47</ymin>
			<xmax>146</xmax>
			<ymax>139</ymax>
		</bndbox>
	</object>
</annotation>
