<annotation>
	<folder>ship</folder>
	<filename>000242.jpg</filename>
	<path>E:\our_data\new\ship\000242.jpg</path>
	<source>
		<database>Unknown</database>
	</source>
	<size>
		<width>303</width>
		<height>167</height>
		<depth>3</depth>
	</size>
	<segmented>0</segmented>
	<object>
		<name>ship</name>
		<pose>Unspecified</pose>
		<truncated>0</truncated>
		<difficult>0</difficult>
		<bndbox>
			<xmin>71</xmin>
			<ymin>53</ymin>
			<xmax>221</xmax>
			<ymax>126</ymax>
		</bndbox>
	</object>
</annotation>
