<annotation>
	<folder>ship</folder>
	<filename>000216.jpg</filename>
	<path>E:\our_data\new\ship\000216.jpg</path>
	<source>
		<database>Unknown</database>
	</source>
	<size>
		<width>449</width>
		<height>593</height>
		<depth>1</depth>
	</size>
	<segmented>0</segmented>
	<object>
		<name>ship</name>
		<pose>Unspecified</pose>
		<truncated>0</truncated>
		<difficult>0</difficult>
		<bndbox>
			<xmin>254</xmin>
			<ymin>104</ymin>
			<xmax>329</xmax>
			<ymax>477</ymax>
		</bndbox>
	</object>
</annotation>
