<annotation>
	<folder>ship</folder>
	<filename>000234.jpg</filename>
	<path>E:\our_data\new\ship\000234.jpg</path>
	<source>
		<database>Unknown</database>
	</source>
	<size>
		<width>237</width>
		<height>212</height>
		<depth>3</depth>
	</size>
	<segmented>0</segmented>
	<object>
		<name>ship</name>
		<pose>Unspecified</pose>
		<truncated>0</truncated>
		<difficult>0</difficult>
		<bndbox>
			<xmin>115</xmin>
			<ymin>26</ymin>
			<xmax>194</xmax>
			<ymax>177</ymax>
		</bndbox>
	</object>
</annotation>
