<annotation>
	<folder>ship</folder>
	<filename>000261.jpg</filename>
	<path>E:\our_data\new\ship\000261.jpg</path>
	<source>
		<database>Unknown</database>
	</source>
	<size>
		<width>275</width>
		<height>183</height>
		<depth>1</depth>
	</size>
	<segmented>0</segmented>
	<object>
		<name>ship</name>
		<pose>Unspecified</pose>
		<truncated>0</truncated>
		<difficult>0</difficult>
		<bndbox>
			<xmin>93</xmin>
			<ymin>80</ymin>
			<xmax>199</xmax>
			<ymax>103</ymax>
		</bndbox>
	</object>
</annotation>
