<annotation>
	<folder>ship</folder>
	<filename>000276.jpg</filename>
	<path>E:\our_data\new\ship\000276.jpg</path>
	<source>
		<database>Unknown</database>
	</source>
	<size>
		<width>302</width>
		<height>167</height>
		<depth>3</depth>
	</size>
	<segmented>0</segmented>
	<object>
		<name>ship</name>
		<pose>Unspecified</pose>
		<truncated>0</truncated>
		<difficult>0</difficult>
		<bndbox>
			<xmin>48</xmin>
			<ymin>32</ymin>
			<xmax>245</xmax>
			<ymax>70</ymax>
		</bndbox>
	</object>
</annotation>
