<annotation>
	<folder>ship</folder>
	<filename>000221.jpg</filename>
	<path>E:\our_data\new\ship\000221.jpg</path>
	<source>
		<database>Unknown</database>
	</source>
	<size>
		<width>286</width>
		<height>176</height>
		<depth>3</depth>
	</size>
	<segmented>0</segmented>
	<object>
		<name>ship</name>
		<pose>Unspecified</pose>
		<truncated>0</truncated>
		<difficult>0</difficult>
		<bndbox>
			<xmin>32</xmin>
			<ymin>15</ymin>
			<xmax>259</xmax>
			<ymax>99</ymax>
		</bndbox>
	</object>
</annotation>
