<annotation>
	<folder>ship</folder>
	<filename>000240.jpg</filename>
	<path>E:\our_data\new\ship\000240.jpg</path>
	<source>
		<database>Unknown</database>
	</source>
	<size>
		<width>274</width>
		<height>184</height>
		<depth>3</depth>
	</size>
	<segmented>0</segmented>
	<object>
		<name>ship</name>
		<pose>Unspecified</pose>
		<truncated>0</truncated>
		<difficult>0</difficult>
		<bndbox>
			<xmin>76</xmin>
			<ymin>66</ymin>
			<xmax>230</xmax>
			<ymax>119</ymax>
		</bndbox>
	</object>
</annotation>
