<annotation>
	<folder>ship</folder>
	<filename>000211.jpg</filename>
	<path>E:\our_data\new\ship\000211.jpg</path>
	<source>
		<database>Unknown</database>
	</source>
	<size>
		<width>375</width>
		<height>292</height>
		<depth>3</depth>
	</size>
	<segmented>0</segmented>
	<object>
		<name>ship</name>
		<pose>Unspecified</pose>
		<truncated>0</truncated>
		<difficult>0</difficult>
		<bndbox>
			<xmin>137</xmin>
			<ymin>22</ymin>
			<xmax>220</xmax>
			<ymax>281</ymax>
		</bndbox>
	</object>
</annotation>
