<annotation>
	<folder>ship</folder>
	<filename>000203.jpg</filename>
	<path>E:\our_data\new\ship\000203.jpg</path>
	<source>
		<database>Unknown</database>
	</source>
	<size>
		<width>804</width>
		<height>445</height>
		<depth>3</depth>
	</size>
	<segmented>0</segmented>
	<object>
		<name>ship</name>
		<pose>Unspecified</pose>
		<truncated>0</truncated>
		<difficult>0</difficult>
		<bndbox>
			<xmin>218</xmin>
			<ymin>110</ymin>
			<xmax>565</xmax>
			<ymax>288</ymax>
		</bndbox>
	</object>
</annotation>
