<annotation>
	<folder>ship</folder>
	<filename>000229.jpg</filename>
	<path>E:\our_data\new\ship\000229.jpg</path>
	<source>
		<database>Unknown</database>
	</source>
	<size>
		<width>269</width>
		<height>187</height>
		<depth>3</depth>
	</size>
	<segmented>0</segmented>
	<object>
		<name>ship</name>
		<pose>Unspecified</pose>
		<truncated>0</truncated>
		<difficult>0</difficult>
		<bndbox>
			<xmin>16</xmin>
			<ymin>31</ymin>
			<xmax>110</xmax>
			<ymax>168</ymax>
		</bndbox>
	</object>
</annotation>
