<annotation>
	<folder>ship</folder>
	<filename>000200.jpg</filename>
	<path>E:\our_data\new\ship\000200.jpg</path>
	<source>
		<database>Unknown</database>
	</source>
	<size>
		<width>600</width>
		<height>323</height>
		<depth>3</depth>
	</size>
	<segmented>0</segmented>
	<object>
		<name>ship</name>
		<pose>Unspecified</pose>
		<truncated>0</truncated>
		<difficult>0</difficult>
		<bndbox>
			<xmin>14</xmin>
			<ymin>81</ymin>
			<xmax>554</xmax>
			<ymax>211</ymax>
		</bndbox>
	</object>
</annotation>
