<annotation>
	<folder>ship</folder>
	<filename>000233.jpg</filename>
	<path>E:\our_data\new\ship\000233.jpg</path>
	<source>
		<database>Unknown</database>
	</source>
	<size>
		<width>174</width>
		<height>290</height>
		<depth>3</depth>
	</size>
	<segmented>0</segmented>
	<object>
		<name>ship</name>
		<pose>Unspecified</pose>
		<truncated>0</truncated>
		<difficult>0</difficult>
		<bndbox>
			<xmin>67</xmin>
			<ymin>41</ymin>
			<xmax>132</xmax>
			<ymax>259</ymax>
		</bndbox>
	</object>
</annotation>
