<annotation>
	<folder>ship</folder>
	<filename>000294.jpg</filename>
	<path>E:\our_data\new\ship\000294.jpg</path>
	<source>
		<database>Unknown</database>
	</source>
	<size>
		<width>352</width>
		<height>368</height>
		<depth>3</depth>
	</size>
	<segmented>0</segmented>
	<object>
		<name>ship</name>
		<pose>Unspecified</pose>
		<truncated>0</truncated>
		<difficult>0</difficult>
		<bndbox>
			<xmin>21</xmin>
			<ymin>21</ymin>
			<xmax>253</xmax>
			<ymax>352</ymax>
		</bndbox>
	</object>
</annotation>
