<annotation>
	<folder>ship</folder>
	<filename>000298.jpg</filename>
	<path>E:\our_data\new\ship\000298.jpg</path>
	<source>
		<database>Unknown</database>
	</source>
	<size>
		<width>600</width>
		<height>450</height>
		<depth>1</depth>
	</size>
	<segmented>0</segmented>
	<object>
		<name>ship</name>
		<pose>Unspecified</pose>
		<truncated>0</truncated>
		<difficult>0</difficult>
		<bndbox>
			<xmin>111</xmin>
			<ymin>126</ymin>
			<xmax>488</xmax>
			<ymax>195</ymax>
		</bndbox>
	</object>
</annotation>
