<annotation>
	<folder>ship</folder>
	<filename>000270.jpg</filename>
	<path>E:\our_data\new\ship\000270.jpg</path>
	<source>
		<database>Unknown</database>
	</source>
	<size>
		<width>274</width>
		<height>184</height>
		<depth>3</depth>
	</size>
	<segmented>0</segmented>
	<object>
		<name>ship</name>
		<pose>Unspecified</pose>
		<truncated>0</truncated>
		<difficult>0</difficult>
		<bndbox>
			<xmin>43</xmin>
			<ymin>71</ymin>
			<xmax>195</xmax>
			<ymax>118</ymax>
		</bndbox>
	</object>
</annotation>
