<annotation>
	<folder>ship</folder>
	<filename>000259.jpg</filename>
	<path>E:\our_data\new\ship\000259.jpg</path>
	<source>
		<database>Unknown</database>
	</source>
	<size>
		<width>216</width>
		<height>234</height>
		<depth>3</depth>
	</size>
	<segmented>0</segmented>
	<object>
		<name>ship</name>
		<pose>Unspecified</pose>
		<truncated>0</truncated>
		<difficult>0</difficult>
		<bndbox>
			<xmin>78</xmin>
			<ymin>39</ymin>
			<xmax>142</xmax>
			<ymax>220</ymax>
		</bndbox>
	</object>
</annotation>
