<annotation>
	<folder>ship</folder>
	<filename>000256.jpg</filename>
	<path>E:\our_data\new\ship\000256.jpg</path>
	<source>
		<database>Unknown</database>
	</source>
	<size>
		<width>321</width>
		<height>157</height>
		<depth>1</depth>
	</size>
	<segmented>0</segmented>
	<object>
		<name>ship</name>
		<pose>Unspecified</pose>
		<truncated>0</truncated>
		<difficult>0</difficult>
		<bndbox>
			<xmin>77</xmin>
			<ymin>59</ymin>
			<xmax>228</xmax>
			<ymax>90</ymax>
		</bndbox>
	</object>
</annotation>
