<annotation>
	<folder>ship</folder>
	<filename>000202.jpg</filename>
	<path>E:\our_data\new\ship\000202.jpg</path>
	<source>
		<database>Unknown</database>
	</source>
	<size>
		<width>250</width>
		<height>252</height>
		<depth>3</depth>
	</size>
	<segmented>0</segmented>
	<object>
		<name>ship</name>
		<pose>Unspecified</pose>
		<truncated>0</truncated>
		<difficult>0</difficult>
		<bndbox>
			<xmin>86</xmin>
			<ymin>43</ymin>
			<xmax>239</xmax>
			<ymax>210</ymax>
		</bndbox>
	</object>
</annotation>
