<annotation>
	<folder>ship</folder>
	<filename>000295.jpg</filename>
	<path>E:\our_data\new\ship\000295.jpg</path>
	<source>
		<database>Unknown</database>
	</source>
	<size>
		<width>509</width>
		<height>455</height>
		<depth>3</depth>
	</size>
	<segmented>0</segmented>
	<object>
		<name>ship</name>
		<pose>Unspecified</pose>
		<truncated>0</truncated>
		<difficult>0</difficult>
		<bndbox>
			<xmin>249</xmin>
			<ymin>59</ymin>
			<xmax>412</xmax>
			<ymax>388</ymax>
		</bndbox>
	</object>
</annotation>
