<annotation>
	<folder>ship</folder>
	<filename>000215.jpg</filename>
	<path>E:\our_data\new\ship\000215.jpg</path>
	<source>
		<database>Unknown</database>
	</source>
	<size>
		<width>640</width>
		<height>568</height>
		<depth>3</depth>
	</size>
	<segmented>0</segmented>
	<object>
		<name>ship</name>
		<pose>Unspecified</pose>
		<truncated>0</truncated>
		<difficult>0</difficult>
		<bndbox>
			<xmin>64</xmin>
			<ymin>206</ymin>
			<xmax>571</xmax>
			<ymax>426</ymax>
		</bndbox>
	</object>
</annotation>
