<annotation>
	<folder>ship</folder>
	<filename>000372.jpg</filename>
	<path>E:\our_data\new\ship\000372.jpg</path>
	<source>
		<database>Unknown</database>
	</source>
	<size>
		<width>268</width>
		<height>188</height>
		<depth>3</depth>
	</size>
	<segmented>0</segmented>
	<object>
		<name>ship</name>
		<pose>Unspecified</pose>
		<truncated>0</truncated>
		<difficult>0</difficult>
		<bndbox>
			<xmin>25</xmin>
			<ymin>42</ymin>
			<xmax>218</xmax>
			<ymax>101</ymax>
		</bndbox>
	</object>
</annotation>
