<annotation>
	<folder>ship</folder>
	<filename>000369.jpg</filename>
	<path>E:\our_data\new\ship\000369.jpg</path>
	<source>
		<database>Unknown</database>
	</source>
	<size>
		<width>374</width>
		<height>135</height>
		<depth>3</depth>
	</size>
	<segmented>0</segmented>
	<object>
		<name>ship</name>
		<pose>Unspecified</pose>
		<truncated>0</truncated>
		<difficult>0</difficult>
		<bndbox>
			<xmin>51</xmin>
			<ymin>14</ymin>
			<xmax>322</xmax>
			<ymax>96</ymax>
		</bndbox>
	</object>
</annotation>
