<annotation>
	<folder>ship</folder>
	<filename>000314.jpg</filename>
	<path>E:\our_data\new\ship\000314.jpg</path>
	<source>
		<database>Unknown</database>
	</source>
	<size>
		<width>1001</width>
		<height>631</height>
		<depth>3</depth>
	</size>
	<segmented>0</segmented>
	<object>
		<name>ship</name>
		<pose>Unspecified</pose>
		<truncated>0</truncated>
		<difficult>0</difficult>
		<bndbox>
			<xmin>154</xmin>
			<ymin>215</ymin>
			<xmax>796</xmax>
			<ymax>472</ymax>
		</bndbox>
	</object>
</annotation>
