<annotation>
	<folder>ship</folder>
	<filename>000315.jpg</filename>
	<path>E:\our_data\new\ship\000315.jpg</path>
	<source>
		<database>Unknown</database>
	</source>
	<size>
		<width>701</width>
		<height>345</height>
		<depth>1</depth>
	</size>
	<segmented>0</segmented>
	<object>
		<name>ship</name>
		<pose>Unspecified</pose>
		<truncated>0</truncated>
		<difficult>0</difficult>
		<bndbox>
			<xmin>54</xmin>
			<ymin>52</ymin>
			<xmax>623</xmax>
			<ymax>287</ymax>
		</bndbox>
	</object>
</annotation>
