<annotation>
	<folder>ship</folder>
	<filename>000333.jpg</filename>
	<path>E:\our_data\new\ship\000333.jpg</path>
	<source>
		<database>Unknown</database>
	</source>
	<size>
		<width>512</width>
		<height>280</height>
		<depth>3</depth>
	</size>
	<segmented>0</segmented>
	<object>
		<name>ship</name>
		<pose>Unspecified</pose>
		<truncated>0</truncated>
		<difficult>0</difficult>
		<bndbox>
			<xmin>215</xmin>
			<ymin>99</ymin>
			<xmax>280</xmax>
			<ymax>132</ymax>
		</bndbox>
	</object>
</annotation>
