<annotation>
	<folder>ship</folder>
	<filename>000329.jpg</filename>
	<path>E:\our_data\new\ship\000329.jpg</path>
	<source>
		<database>Unknown</database>
	</source>
	<size>
		<width>285</width>
		<height>204</height>
		<depth>3</depth>
	</size>
	<segmented>0</segmented>
	<object>
		<name>ship</name>
		<pose>Unspecified</pose>
		<truncated>1</truncated>
		<difficult>0</difficult>
		<bndbox>
			<xmin>1</xmin>
			<ymin>18</ymin>
			<xmax>270</xmax>
			<ymax>164</ymax>
		</bndbox>
	</object>
</annotation>
