<annotation>
	<folder>ship</folder>
	<filename>000324.jpg</filename>
	<path>E:\our_data\new\ship\000324.jpg</path>
	<source>
		<database>Unknown</database>
	</source>
	<size>
		<width>800</width>
		<height>852</height>
		<depth>3</depth>
	</size>
	<segmented>0</segmented>
	<object>
		<name>ship</name>
		<pose>Unspecified</pose>
		<truncated>0</truncated>
		<difficult>0</difficult>
		<bndbox>
			<xmin>343</xmin>
			<ymin>145</ymin>
			<xmax>537</xmax>
			<ymax>700</ymax>
		</bndbox>
	</object>
</annotation>
