<annotation>
	<folder>ship</folder>
	<filename>000399.jpg</filename>
	<path>E:\our_data\new\ship\000399.jpg</path>
	<source>
		<database>Unknown</database>
	</source>
	<size>
		<width>659</width>
		<height>830</height>
		<depth>3</depth>
	</size>
	<segmented>0</segmented>
	<object>
		<name>ship</name>
		<pose>Unspecified</pose>
		<truncated>0</truncated>
		<difficult>0</difficult>
		<bndbox>
			<xmin>65</xmin>
			<ymin>319</ymin>
			<xmax>658</xmax>
			<ymax>694</ymax>
		</bndbox>
	</object>
</annotation>
