<annotation>
	<folder>ship</folder>
	<filename>000384.jpg</filename>
	<path>E:\our_data\new\ship\000384.jpg</path>
	<source>
		<database>Unknown</database>
	</source>
	<size>
		<width>738</width>
		<height>806</height>
		<depth>3</depth>
	</size>
	<segmented>0</segmented>
	<object>
		<name>ship</name>
		<pose>Unspecified</pose>
		<truncated>0</truncated>
		<difficult>0</difficult>
		<bndbox>
			<xmin>93</xmin>
			<ymin>77</ymin>
			<xmax>679</xmax>
			<ymax>797</ymax>
		</bndbox>
	</object>
</annotation>
