<annotation>
	<folder>ship</folder>
	<filename>000359.jpg</filename>
	<path>E:\our_data\new\ship\000359.jpg</path>
	<source>
		<database>Unknown</database>
	</source>
	<size>
		<width>512</width>
		<height>162</height>
		<depth>3</depth>
	</size>
	<segmented>0</segmented>
	<object>
		<name>ship</name>
		<pose>Unspecified</pose>
		<truncated>0</truncated>
		<difficult>0</difficult>
		<bndbox>
			<xmin>9</xmin>
			<ymin>17</ymin>
			<xmax>499</xmax>
			<ymax>149</ymax>
		</bndbox>
	</object>
</annotation>
