<annotation>
	<folder>ship</folder>
	<filename>000308.jpg</filename>
	<path>E:\our_data\new\ship\000308.jpg</path>
	<source>
		<database>Unknown</database>
	</source>
	<size>
		<width>850</width>
		<height>464</height>
		<depth>3</depth>
	</size>
	<segmented>0</segmented>
	<object>
		<name>ship</name>
		<pose>Unspecified</pose>
		<truncated>0</truncated>
		<difficult>0</difficult>
		<bndbox>
			<xmin>359</xmin>
			<ymin>165</ymin>
			<xmax>463</xmax>
			<ymax>219</ymax>
		</bndbox>
	</object>
</annotation>
