<annotation>
	<folder>ship</folder>
	<filename>000328.jpg</filename>
	<path>E:\our_data\new\ship\000328.jpg</path>
	<source>
		<database>Unknown</database>
	</source>
	<size>
		<width>870</width>
		<height>290</height>
		<depth>3</depth>
	</size>
	<segmented>0</segmented>
	<object>
		<name>ship</name>
		<pose>Unspecified</pose>
		<truncated>0</truncated>
		<difficult>0</difficult>
		<bndbox>
			<xmin>43</xmin>
			<ymin>20</ymin>
			<xmax>858</xmax>
			<ymax>236</ymax>
		</bndbox>
	</object>
</annotation>
