<annotation>
	<folder>ship</folder>
	<filename>000388.jpg</filename>
	<path>E:\our_data\new\ship\000388.jpg</path>
	<source>
		<database>Unknown</database>
	</source>
	<size>
		<width>457</width>
		<height>551</height>
		<depth>3</depth>
	</size>
	<segmented>0</segmented>
	<object>
		<name>ship</name>
		<pose>Unspecified</pose>
		<truncated>0</truncated>
		<difficult>0</difficult>
		<bndbox>
			<xmin>315</xmin>
			<ymin>285</ymin>
			<xmax>431</xmax>
			<ymax>394</ymax>
		</bndbox>
	</object>
</annotation>
