<annotation>
	<folder>ship</folder>
	<filename>000389.jpg</filename>
	<path>E:\our_data\new\ship\000389.jpg</path>
	<source>
		<database>Unknown</database>
	</source>
	<size>
		<width>515</width>
		<height>625</height>
		<depth>3</depth>
	</size>
	<segmented>0</segmented>
	<object>
		<name>ship</name>
		<pose>Unspecified</pose>
		<truncated>0</truncated>
		<difficult>0</difficult>
		<bndbox>
			<xmin>282</xmin>
			<ymin>324</ymin>
			<xmax>345</xmax>
			<ymax>360</ymax>
		</bndbox>
	</object>
</annotation>
