<annotation>
	<folder>ship</folder>
	<filename>000363.jpg</filename>
	<path>E:\our_data\new\ship\000363.jpg</path>
	<source>
		<database>Unknown</database>
	</source>
	<size>
		<width>582</width>
		<height>676</height>
		<depth>3</depth>
	</size>
	<segmented>0</segmented>
	<object>
		<name>ship</name>
		<pose>Unspecified</pose>
		<truncated>0</truncated>
		<difficult>0</difficult>
		<bndbox>
			<xmin>19</xmin>
			<ymin>192</ymin>
			<xmax>122</xmax>
			<ymax>269</ymax>
		</bndbox>
	</object>
	<object>
		<name>ship</name>
		<pose>Unspecified</pose>
		<truncated>0</truncated>
		<difficult>0</difficult>
		<bndbox>
			<xmin>223</xmin>
			<ymin>263</ymin>
			<xmax>321</xmax>
			<ymax>355</ymax>
		</bndbox>
	</object>
</annotation>
