<annotation>
	<folder>ship</folder>
	<filename>000357.jpg</filename>
	<path>E:\our_data\new\ship\000357.jpg</path>
	<source>
		<database>Unknown</database>
	</source>
	<size>
		<width>371</width>
		<height>512</height>
		<depth>3</depth>
	</size>
	<segmented>0</segmented>
	<object>
		<name>ship</name>
		<pose>Unspecified</pose>
		<truncated>0</truncated>
		<difficult>0</difficult>
		<bndbox>
			<xmin>121</xmin>
			<ymin>135</ymin>
			<xmax>230</xmax>
			<ymax>421</ymax>
		</bndbox>
	</object>
</annotation>
