<annotation>
	<folder>ship</folder>
	<filename>000392.jpg</filename>
	<path>E:\our_data\new\ship\000392.jpg</path>
	<source>
		<database>Unknown</database>
	</source>
	<size>
		<width>613</width>
		<height>581</height>
		<depth>3</depth>
	</size>
	<segmented>0</segmented>
	<object>
		<name>ship</name>
		<pose>Unspecified</pose>
		<truncated>0</truncated>
		<difficult>0</difficult>
		<bndbox>
			<xmin>222</xmin>
			<ymin>90</ymin>
			<xmax>356</xmax>
			<ymax>320</ymax>
		</bndbox>
	</object>
</annotation>
