<annotation>
	<folder>ship</folder>
	<filename>000353.jpg</filename>
	<path>E:\our_data\new\ship\000353.jpg</path>
	<source>
		<database>Unknown</database>
	</source>
	<size>
		<width>512</width>
		<height>310</height>
		<depth>3</depth>
	</size>
	<segmented>0</segmented>
	<object>
		<name>ship</name>
		<pose>Unspecified</pose>
		<truncated>0</truncated>
		<difficult>0</difficult>
		<bndbox>
			<xmin>29</xmin>
			<ymin>6</ymin>
			<xmax>391</xmax>
			<ymax>296</ymax>
		</bndbox>
	</object>
</annotation>
