<annotation>
	<folder>ship</folder>
	<filename>000321.jpg</filename>
	<path>E:\our_data\new\ship\000321.jpg</path>
	<source>
		<database>Unknown</database>
	</source>
	<size>
		<width>434</width>
		<height>526</height>
		<depth>3</depth>
	</size>
	<segmented>0</segmented>
	<object>
		<name>ship</name>
		<pose>Unspecified</pose>
		<truncated>0</truncated>
		<difficult>0</difficult>
		<bndbox>
			<xmin>255</xmin>
			<ymin>295</ymin>
			<xmax>324</xmax>
			<ymax>350</ymax>
		</bndbox>
	</object>
</annotation>
