<annotation>
	<folder>ship</folder>
	<filename>000323.jpg</filename>
	<path>E:\our_data\new\ship\000323.jpg</path>
	<source>
		<database>Unknown</database>
	</source>
	<size>
		<width>352</width>
		<height>450</height>
		<depth>3</depth>
	</size>
	<segmented>0</segmented>
	<object>
		<name>ship</name>
		<pose>Unspecified</pose>
		<truncated>0</truncated>
		<difficult>0</difficult>
		<bndbox>
			<xmin>54</xmin>
			<ymin>45</ymin>
			<xmax>255</xmax>
			<ymax>416</ymax>
		</bndbox>
	</object>
</annotation>
