<annotation>
	<folder>ship</folder>
	<filename>000307.jpg</filename>
	<path>E:\our_data\new\ship\000307.jpg</path>
	<source>
		<database>Unknown</database>
	</source>
	<size>
		<width>1200</width>
		<height>912</height>
		<depth>3</depth>
	</size>
	<segmented>0</segmented>
	<object>
		<name>ship</name>
		<pose>Unspecified</pose>
		<truncated>0</truncated>
		<difficult>0</difficult>
		<bndbox>
			<xmin>112</xmin>
			<ymin>220</ymin>
			<xmax>894</xmax>
			<ymax>676</ymax>
		</bndbox>
	</object>
</annotation>
