<annotation>
	<folder>ship</folder>
	<filename>000383.jpg</filename>
	<path>E:\our_data\new\ship\000383.jpg</path>
	<source>
		<database>Unknown</database>
	</source>
	<size>
		<width>1453</width>
		<height>740</height>
		<depth>3</depth>
	</size>
	<segmented>0</segmented>
	<object>
		<name>ship</name>
		<pose>Unspecified</pose>
		<truncated>0</truncated>
		<difficult>0</difficult>
		<bndbox>
			<xmin>2</xmin>
			<ymin>269</ymin>
			<xmax>1107</xmax>
			<ymax>568</ymax>
		</bndbox>
	</object>
</annotation>
