<annotation>
	<folder>ship</folder>
	<filename>000394.jpg</filename>
	<path>E:\our_data\new\ship\000394.jpg</path>
	<source>
		<database>Unknown</database>
	</source>
	<size>
		<width>781</width>
		<height>756</height>
		<depth>3</depth>
	</size>
	<segmented>0</segmented>
	<object>
		<name>ship</name>
		<pose>Unspecified</pose>
		<truncated>0</truncated>
		<difficult>0</difficult>
		<bndbox>
			<xmin>393</xmin>
			<ymin>126</ymin>
			<xmax>648</xmax>
			<ymax>642</ymax>
		</bndbox>
	</object>
</annotation>
