<annotation>
	<folder>ship</folder>
	<filename>000364.jpg</filename>
	<path>E:\our_data\new\ship\000364.jpg</path>
	<source>
		<database>Unknown</database>
	</source>
	<size>
		<width>444</width>
		<height>289</height>
		<depth>1</depth>
	</size>
	<segmented>0</segmented>
	<object>
		<name>ship</name>
		<pose>Unspecified</pose>
		<truncated>1</truncated>
		<difficult>0</difficult>
		<bndbox>
			<xmin>76</xmin>
			<ymin>1</ymin>
			<xmax>321</xmax>
			<ymax>283</ymax>
		</bndbox>
	</object>
</annotation>
