<annotation>
	<folder>ship</folder>
	<filename>000319.jpg</filename>
	<path>E:\our_data\new\ship\000319.jpg</path>
	<source>
		<database>Unknown</database>
	</source>
	<size>
		<width>800</width>
		<height>732</height>
		<depth>3</depth>
	</size>
	<segmented>0</segmented>
	<object>
		<name>ship</name>
		<pose>Unspecified</pose>
		<truncated>0</truncated>
		<difficult>0</difficult>
		<bndbox>
			<xmin>276</xmin>
			<ymin>249</ymin>
			<xmax>465</xmax>
			<ymax>482</ymax>
		</bndbox>
	</object>
</annotation>
