<annotation>
	<folder>ship</folder>
	<filename>000379.jpg</filename>
	<path>E:\our_data\new\ship\000379.jpg</path>
	<source>
		<database>Unknown</database>
	</source>
	<size>
		<width>1010</width>
		<height>633</height>
		<depth>3</depth>
	</size>
	<segmented>0</segmented>
	<object>
		<name>ship</name>
		<pose>Unspecified</pose>
		<truncated>0</truncated>
		<difficult>0</difficult>
		<bndbox>
			<xmin>400</xmin>
			<ymin>239</ymin>
			<xmax>620</xmax>
			<ymax>402</ymax>
		</bndbox>
	</object>
</annotation>
