<annotation>
	<folder>ship</folder>
	<filename>000316.jpg</filename>
	<path>E:\our_data\new\ship\000316.jpg</path>
	<source>
		<database>Unknown</database>
	</source>
	<size>
		<width>860</width>
		<height>485</height>
		<depth>3</depth>
	</size>
	<segmented>0</segmented>
	<object>
		<name>ship</name>
		<pose>Unspecified</pose>
		<truncated>0</truncated>
		<difficult>0</difficult>
		<bndbox>
			<xmin>70</xmin>
			<ymin>94</ymin>
			<xmax>842</xmax>
			<ymax>383</ymax>
		</bndbox>
	</object>
</annotation>
