<annotation>
	<folder>ship</folder>
	<filename>000326.jpg</filename>
	<path>E:\our_data\new\ship\000326.jpg</path>
	<source>
		<database>Unknown</database>
	</source>
	<size>
		<width>356</width>
		<height>364</height>
		<depth>3</depth>
	</size>
	<segmented>0</segmented>
	<object>
		<name>ship</name>
		<pose>Unspecified</pose>
		<truncated>0</truncated>
		<difficult>0</difficult>
		<bndbox>
			<xmin>103</xmin>
			<ymin>32</ymin>
			<xmax>173</xmax>
			<ymax>309</ymax>
		</bndbox>
	</object>
</annotation>
