<annotation>
	<folder>ship</folder>
	<filename>000327.jpg</filename>
	<path>E:\our_data\new\ship\000327.jpg</path>
	<source>
		<database>Unknown</database>
	</source>
	<size>
		<width>622</width>
		<height>1026</height>
		<depth>3</depth>
	</size>
	<segmented>0</segmented>
	<object>
		<name>ship</name>
		<pose>Unspecified</pose>
		<truncated>0</truncated>
		<difficult>0</difficult>
		<bndbox>
			<xmin>364</xmin>
			<ymin>43</ymin>
			<xmax>569</xmax>
			<ymax>943</ymax>
		</bndbox>
	</object>
</annotation>
