<annotation>
	<folder>ship</folder>
	<filename>000302.jpg</filename>
	<path>E:\our_data\new\ship\000302.jpg</path>
	<source>
		<database>Unknown</database>
	</source>
	<size>
		<width>1280</width>
		<height>720</height>
		<depth>3</depth>
	</size>
	<segmented>0</segmented>
	<object>
		<name>ship</name>
		<pose>Unspecified</pose>
		<truncated>0</truncated>
		<difficult>0</difficult>
		<bndbox>
			<xmin>288</xmin>
			<ymin>74</ymin>
			<xmax>775</xmax>
			<ymax>664</ymax>
		</bndbox>
	</object>
</annotation>
