<annotation>
	<folder>ship</folder>
	<filename>000317.jpg</filename>
	<path>E:\our_data\new\ship\000317.jpg</path>
	<source>
		<database>Unknown</database>
	</source>
	<size>
		<width>800</width>
		<height>800</height>
		<depth>3</depth>
	</size>
	<segmented>0</segmented>
	<object>
		<name>ship</name>
		<pose>Unspecified</pose>
		<truncated>0</truncated>
		<difficult>0</difficult>
		<bndbox>
			<xmin>312</xmin>
			<ymin>49</ymin>
			<xmax>511</xmax>
			<ymax>763</ymax>
		</bndbox>
	</object>
</annotation>
