<annotation>
	<folder>ship</folder>
	<filename>000367.jpg</filename>
	<path>E:\our_data\new\ship\000367.jpg</path>
	<source>
		<database>Unknown</database>
	</source>
	<size>
		<width>1024</width>
		<height>576</height>
		<depth>3</depth>
	</size>
	<segmented>0</segmented>
	<object>
		<name>ship</name>
		<pose>Unspecified</pose>
		<truncated>0</truncated>
		<difficult>0</difficult>
		<bndbox>
			<xmin>504</xmin>
			<ymin>181</ymin>
			<xmax>677</xmax>
			<ymax>396</ymax>
		</bndbox>
	</object>
</annotation>
