<annotation>
	<folder>ship</folder>
	<filename>000386.jpg</filename>
	<path>E:\our_data\new\ship\000386.jpg</path>
	<source>
		<database>Unknown</database>
	</source>
	<size>
		<width>522</width>
		<height>557</height>
		<depth>3</depth>
	</size>
	<segmented>0</segmented>
	<object>
		<name>ship</name>
		<pose>Unspecified</pose>
		<truncated>0</truncated>
		<difficult>0</difficult>
		<bndbox>
			<xmin>88</xmin>
			<ymin>179</ymin>
			<xmax>265</xmax>
			<ymax>297</ymax>
		</bndbox>
	</object>
</annotation>
