<annotation>
	<folder>ship</folder>
	<filename>000335.jpg</filename>
	<path>E:\our_data\new\ship\000335.jpg</path>
	<source>
		<database>Unknown</database>
	</source>
	<size>
		<width>434</width>
		<height>299</height>
		<depth>3</depth>
	</size>
	<segmented>0</segmented>
	<object>
		<name>ship</name>
		<pose>Unspecified</pose>
		<truncated>0</truncated>
		<difficult>0</difficult>
		<bndbox>
			<xmin>90</xmin>
			<ymin>110</ymin>
			<xmax>325</xmax>
			<ymax>208</ymax>
		</bndbox>
	</object>
</annotation>
