<annotation>
	<folder>ship</folder>
	<filename>000341.jpg</filename>
	<path>E:\our_data\new\ship\000341.jpg</path>
	<source>
		<database>Unknown</database>
	</source>
	<size>
		<width>402</width>
		<height>250</height>
		<depth>3</depth>
	</size>
	<segmented>0</segmented>
	<object>
		<name>ship</name>
		<pose>Unspecified</pose>
		<truncated>0</truncated>
		<difficult>0</difficult>
		<bndbox>
			<xmin>167</xmin>
			<ymin>111</ymin>
			<xmax>301</xmax>
			<ymax>158</ymax>
		</bndbox>
	</object>
</annotation>
