<annotation>
	<folder>ship</folder>
	<filename>000395.jpg</filename>
	<path>E:\our_data\new\ship\000395.jpg</path>
	<source>
		<database>Unknown</database>
	</source>
	<size>
		<width>586</width>
		<height>772</height>
		<depth>3</depth>
	</size>
	<segmented>0</segmented>
	<object>
		<name>ship</name>
		<pose>Unspecified</pose>
		<truncated>0</truncated>
		<difficult>0</difficult>
		<bndbox>
			<xmin>269</xmin>
			<ymin>79</ymin>
			<xmax>491</xmax>
			<ymax>761</ymax>
		</bndbox>
	</object>
</annotation>
