<annotation>
	<folder>ship</folder>
	<filename>000306.jpg</filename>
	<path>E:\our_data\new\ship\000306.jpg</path>
	<source>
		<database>Unknown</database>
	</source>
	<size>
		<width>600</width>
		<height>800</height>
		<depth>3</depth>
	</size>
	<segmented>0</segmented>
	<object>
		<name>ship</name>
		<pose>Unspecified</pose>
		<truncated>0</truncated>
		<difficult>0</difficult>
		<bndbox>
			<xmin>195</xmin>
			<ymin>267</ymin>
			<xmax>455</xmax>
			<ymax>545</ymax>
		</bndbox>
	</object>
</annotation>
