<annotation>
	<folder>ship</folder>
	<filename>000387.jpg</filename>
	<path>E:\our_data\new\ship\000387.jpg</path>
	<source>
		<database>Unknown</database>
	</source>
	<size>
		<width>528</width>
		<height>538</height>
		<depth>3</depth>
	</size>
	<segmented>0</segmented>
	<object>
		<name>ship</name>
		<pose>Unspecified</pose>
		<truncated>0</truncated>
		<difficult>0</difficult>
		<bndbox>
			<xmin>113</xmin>
			<ymin>375</ymin>
			<xmax>179</xmax>
			<ymax>415</ymax>
		</bndbox>
	</object>
</annotation>
