<annotation>
	<folder>ship</folder>
	<filename>000376.jpg</filename>
	<path>E:\our_data\new\ship\000376.jpg</path>
	<source>
		<database>Unknown</database>
	</source>
	<size>
		<width>697</width>
		<height>597</height>
		<depth>3</depth>
	</size>
	<segmented>0</segmented>
	<object>
		<name>ship</name>
		<pose>Unspecified</pose>
		<truncated>0</truncated>
		<difficult>0</difficult>
		<bndbox>
			<xmin>399</xmin>
			<ymin>147</ymin>
			<xmax>562</xmax>
			<ymax>432</ymax>
		</bndbox>
	</object>
</annotation>
