<annotation>
	<folder>ship</folder>
	<filename>000346.jpg</filename>
	<path>E:\our_data\new\ship\000346.jpg</path>
	<source>
		<database>Unknown</database>
	</source>
	<size>
		<width>371</width>
		<height>512</height>
		<depth>3</depth>
	</size>
	<segmented>0</segmented>
	<object>
		<name>ship</name>
		<pose>Unspecified</pose>
		<truncated>0</truncated>
		<difficult>0</difficult>
		<bndbox>
			<xmin>128</xmin>
			<ymin>137</ymin>
			<xmax>228</xmax>
			<ymax>420</ymax>
		</bndbox>
	</object>
</annotation>
