<annotation>
	<folder>ship</folder>
	<filename>000390.jpg</filename>
	<path>E:\our_data\new\ship\000390.jpg</path>
	<source>
		<database>Unknown</database>
	</source>
	<size>
		<width>2000</width>
		<height>795</height>
		<depth>3</depth>
	</size>
	<segmented>0</segmented>
	<object>
		<name>ship</name>
		<pose>Unspecified</pose>
		<truncated>0</truncated>
		<difficult>0</difficult>
		<bndbox>
			<xmin>376</xmin>
			<ymin>356</ymin>
			<xmax>1581</xmax>
			<ymax>560</ymax>
		</bndbox>
	</object>
</annotation>
