<annotation>
	<folder>ship</folder>
	<filename>000311.jpg</filename>
	<path>E:\our_data\new\ship\000311.jpg</path>
	<source>
		<database>Unknown</database>
	</source>
	<size>
		<width>2000</width>
		<height>1731</height>
		<depth>3</depth>
	</size>
	<segmented>0</segmented>
	<object>
		<name>ship</name>
		<pose>Unspecified</pose>
		<truncated>0</truncated>
		<difficult>0</difficult>
		<bndbox>
			<xmin>810</xmin>
			<ymin>344</ymin>
			<xmax>1156</xmax>
			<ymax>1483</ymax>
		</bndbox>
	</object>
</annotation>
