<annotation>
	<folder>ship</folder>
	<filename>000320.jpg</filename>
	<path>E:\our_data\new\ship\000320.jpg</path>
	<source>
		<database>Unknown</database>
	</source>
	<size>
		<width>528</width>
		<height>274</height>
		<depth>1</depth>
	</size>
	<segmented>0</segmented>
	<object>
		<name>ship</name>
		<pose>Unspecified</pose>
		<truncated>0</truncated>
		<difficult>0</difficult>
		<bndbox>
			<xmin>103</xmin>
			<ymin>84</ymin>
			<xmax>393</xmax>
			<ymax>128</ymax>
		</bndbox>
	</object>
</annotation>
