<annotation>
	<folder>ship</folder>
	<filename>000360.jpg</filename>
	<path>E:\our_data\new\ship\000360.jpg</path>
	<source>
		<database>Unknown</database>
	</source>
	<size>
		<width>512</width>
		<height>441</height>
		<depth>3</depth>
	</size>
	<segmented>0</segmented>
	<object>
		<name>ship</name>
		<pose>Unspecified</pose>
		<truncated>1</truncated>
		<difficult>0</difficult>
		<bndbox>
			<xmin>18</xmin>
			<ymin>22</ymin>
			<xmax>389</xmax>
			<ymax>441</ymax>
		</bndbox>
	</object>
</annotation>
