<annotation>
	<folder>ship</folder>
	<filename>000382.jpg</filename>
	<path>E:\our_data\new\ship\000382.jpg</path>
	<source>
		<database>Unknown</database>
	</source>
	<size>
		<width>687</width>
		<height>743</height>
		<depth>3</depth>
	</size>
	<segmented>0</segmented>
	<object>
		<name>ship</name>
		<pose>Unspecified</pose>
		<truncated>0</truncated>
		<difficult>0</difficult>
		<bndbox>
			<xmin>122</xmin>
			<ymin>314</ymin>
			<xmax>283</xmax>
			<ymax>690</ymax>
		</bndbox>
	</object>
</annotation>
