<annotation>
	<folder>ship</folder>
	<filename>000373.jpg</filename>
	<path>E:\our_data\new\ship\000373.jpg</path>
	<source>
		<database>Unknown</database>
	</source>
	<size>
		<width>212</width>
		<height>238</height>
		<depth>3</depth>
	</size>
	<segmented>0</segmented>
	<object>
		<name>ship</name>
		<pose>Unspecified</pose>
		<truncated>0</truncated>
		<difficult>0</difficult>
		<bndbox>
			<xmin>79</xmin>
			<ymin>22</ymin>
			<xmax>131</xmax>
			<ymax>212</ymax>
		</bndbox>
	</object>
</annotation>
