<annotation>
	<folder>ship</folder>
	<filename>000385.jpg</filename>
	<path>E:\our_data\new\ship\000385.jpg</path>
	<source>
		<database>Unknown</database>
	</source>
	<size>
		<width>1017</width>
		<height>521</height>
		<depth>3</depth>
	</size>
	<segmented>0</segmented>
	<object>
		<name>ship</name>
		<pose>Unspecified</pose>
		<truncated>1</truncated>
		<difficult>0</difficult>
		<bndbox>
			<xmin>268</xmin>
			<ymin>149</ymin>
			<xmax>659</xmax>
			<ymax>521</ymax>
		</bndbox>
	</object>
</annotation>
