<annotation>
	<folder>ship</folder>
	<filename>000344.jpg</filename>
	<path>E:\our_data\new\ship\000344.jpg</path>
	<source>
		<database>Unknown</database>
	</source>
	<size>
		<width>512</width>
		<height>244</height>
		<depth>3</depth>
	</size>
	<segmented>0</segmented>
	<object>
		<name>ship</name>
		<pose>Unspecified</pose>
		<truncated>0</truncated>
		<difficult>0</difficult>
		<bndbox>
			<xmin>133</xmin>
			<ymin>33</ymin>
			<xmax>381</xmax>
			<ymax>88</ymax>
		</bndbox>
	</object>
</annotation>
