<annotation>
	<folder>ship</folder>
	<filename>000378.jpg</filename>
	<path>E:\our_data\new\ship\000378.jpg</path>
	<source>
		<database>Unknown</database>
	</source>
	<size>
		<width>479</width>
		<height>828</height>
		<depth>3</depth>
	</size>
	<segmented>0</segmented>
	<object>
		<name>ship</name>
		<pose>Unspecified</pose>
		<truncated>0</truncated>
		<difficult>0</difficult>
		<bndbox>
			<xmin>339</xmin>
			<ymin>301</ymin>
			<xmax>461</xmax>
			<ymax>420</ymax>
		</bndbox>
	</object>
</annotation>
