<annotation>
	<folder>ship</folder>
	<filename>000352.jpg</filename>
	<path>E:\our_data\new\ship\000352.jpg</path>
	<source>
		<database>Unknown</database>
	</source>
	<size>
		<width>310</width>
		<height>440</height>
		<depth>1</depth>
	</size>
	<segmented>0</segmented>
	<object>
		<name>ship</name>
		<pose>Unspecified</pose>
		<truncated>1</truncated>
		<difficult>0</difficult>
		<bndbox>
			<xmin>1</xmin>
			<ymin>133</ymin>
			<xmax>306</xmax>
			<ymax>333</ymax>
		</bndbox>
	</object>
</annotation>
