<annotation>
	<folder>ship</folder>
	<filename>000414.jpg</filename>
	<path>E:\our_data\new\ship\000414.jpg</path>
	<source>
		<database>Unknown</database>
	</source>
	<size>
		<width>1136</width>
		<height>473</height>
		<depth>3</depth>
	</size>
	<segmented>0</segmented>
	<object>
		<name>ship</name>
		<pose>Unspecified</pose>
		<truncated>0</truncated>
		<difficult>0</difficult>
		<bndbox>
			<xmin>81</xmin>
			<ymin>11</ymin>
			<xmax>1117</xmax>
			<ymax>146</ymax>
		</bndbox>
	</object>
</annotation>
