<annotation>
	<folder>ship</folder>
	<filename>000493.jpg</filename>
	<path>E:\our_data\new\ship\000493.jpg</path>
	<source>
		<database>Unknown</database>
	</source>
	<size>
		<width>388</width>
		<height>565</height>
		<depth>3</depth>
	</size>
	<segmented>0</segmented>
	<object>
		<name>ship</name>
		<pose>Unspecified</pose>
		<truncated>0</truncated>
		<difficult>0</difficult>
		<bndbox>
			<xmin>11</xmin>
			<ymin>152</ymin>
			<xmax>194</xmax>
			<ymax>235</ymax>
		</bndbox>
	</object>
	<object>
		<name>ship</name>
		<pose>Unspecified</pose>
		<truncated>0</truncated>
		<difficult>0</difficult>
		<bndbox>
			<xmin>49</xmin>
			<ymin>469</ymin>
			<xmax>169</xmax>
			<ymax>493</ymax>
		</bndbox>
	</object>
</annotation>
