<annotation>
	<folder>ship</folder>
	<filename>000441.jpg</filename>
	<path>E:\our_data\new\ship\000441.jpg</path>
	<source>
		<database>Unknown</database>
	</source>
	<size>
		<width>966</width>
		<height>570</height>
		<depth>3</depth>
	</size>
	<segmented>0</segmented>
	<object>
		<name>ship</name>
		<pose>Unspecified</pose>
		<truncated>0</truncated>
		<difficult>0</difficult>
		<bndbox>
			<xmin>280</xmin>
			<ymin>98</ymin>
			<xmax>629</xmax>
			<ymax>255</ymax>
		</bndbox>
	</object>
</annotation>
