<annotation>
	<folder>ship</folder>
	<filename>000408.jpg</filename>
	<path>E:\our_data\new\ship\000408.jpg</path>
	<source>
		<database>Unknown</database>
	</source>
	<size>
		<width>820</width>
		<height>539</height>
		<depth>3</depth>
	</size>
	<segmented>0</segmented>
	<object>
		<name>ship</name>
		<pose>Unspecified</pose>
		<truncated>0</truncated>
		<difficult>0</difficult>
		<bndbox>
			<xmin>202</xmin>
			<ymin>134</ymin>
			<xmax>612</xmax>
			<ymax>369</ymax>
		</bndbox>
	</object>
</annotation>
