<annotation>
	<folder>ship</folder>
	<filename>000469.jpg</filename>
	<path>E:\our_data\new\ship\000469.jpg</path>
	<source>
		<database>Unknown</database>
	</source>
	<size>
		<width>658</width>
		<height>359</height>
		<depth>1</depth>
	</size>
	<segmented>0</segmented>
	<object>
		<name>ship</name>
		<pose>Unspecified</pose>
		<truncated>0</truncated>
		<difficult>0</difficult>
		<bndbox>
			<xmin>280</xmin>
			<ymin>8</ymin>
			<xmax>389</xmax>
			<ymax>159</ymax>
		</bndbox>
	</object>
</annotation>
