<annotation>
	<folder>ship</folder>
	<filename>000403.jpg</filename>
	<path>E:\our_data\new\ship\000403.jpg</path>
	<source>
		<database>Unknown</database>
	</source>
	<size>
		<width>1176</width>
		<height>648</height>
		<depth>3</depth>
	</size>
	<segmented>0</segmented>
	<object>
		<name>ship</name>
		<pose>Unspecified</pose>
		<truncated>0</truncated>
		<difficult>0</difficult>
		<bndbox>
			<xmin>346</xmin>
			<ymin>133</ymin>
			<xmax>644</xmax>
			<ymax>512</ymax>
		</bndbox>
	</object>
</annotation>
