<annotation>
	<folder>ship</folder>
	<filename>000411.jpg</filename>
	<path>E:\our_data\new\ship\000411.jpg</path>
	<source>
		<database>Unknown</database>
	</source>
	<size>
		<width>408</width>
		<height>394</height>
		<depth>3</depth>
	</size>
	<segmented>0</segmented>
	<object>
		<name>ship</name>
		<pose>Unspecified</pose>
		<truncated>0</truncated>
		<difficult>0</difficult>
		<bndbox>
			<xmin>47</xmin>
			<ymin>60</ymin>
			<xmax>218</xmax>
			<ymax>325</ymax>
		</bndbox>
	</object>
</annotation>
