<annotation>
	<folder>ship</folder>
	<filename>000420.jpg</filename>
	<path>E:\our_data\new\ship\000420.jpg</path>
	<source>
		<database>Unknown</database>
	</source>
	<size>
		<width>408</width>
		<height>588</height>
		<depth>3</depth>
	</size>
	<segmented>0</segmented>
	<object>
		<name>ship</name>
		<pose>Unspecified</pose>
		<truncated>0</truncated>
		<difficult>0</difficult>
		<bndbox>
			<xmin>279</xmin>
			<ymin>121</ymin>
			<xmax>361</xmax>
			<ymax>271</ymax>
		</bndbox>
	</object>
</annotation>
