<annotation>
	<folder>ship</folder>
	<filename>000481.jpg</filename>
	<path>E:\our_data\new\ship\000481.jpg</path>
	<source>
		<database>Unknown</database>
	</source>
	<size>
		<width>1369</width>
		<height>741</height>
		<depth>3</depth>
	</size>
	<segmented>0</segmented>
	<object>
		<name>ship</name>
		<pose>Unspecified</pose>
		<truncated>0</truncated>
		<difficult>0</difficult>
		<bndbox>
			<xmin>213</xmin>
			<ymin>44</ymin>
			<xmax>1208</xmax>
			<ymax>553</ymax>
		</bndbox>
	</object>
</annotation>
