<annotation>
	<folder>ship</folder>
	<filename>000442.jpg</filename>
	<path>E:\our_data\new\ship\000442.jpg</path>
	<source>
		<database>Unknown</database>
	</source>
	<size>
		<width>696</width>
		<height>636</height>
		<depth>3</depth>
	</size>
	<segmented>0</segmented>
	<object>
		<name>ship</name>
		<pose>Unspecified</pose>
		<truncated>0</truncated>
		<difficult>0</difficult>
		<bndbox>
			<xmin>421</xmin>
			<ymin>90</ymin>
			<xmax>619</xmax>
			<ymax>437</ymax>
		</bndbox>
	</object>
	<object>
		<name>ship</name>
		<pose>Unspecified</pose>
		<truncated>0</truncated>
		<difficult>0</difficult>
		<bndbox>
			<xmin>124</xmin>
			<ymin>250</ymin>
			<xmax>380</xmax>
			<ymax>537</ymax>
		</bndbox>
	</object>
</annotation>
