<annotation>
	<folder>ship</folder>
	<filename>000461.jpg</filename>
	<path>E:\our_data\new\ship\000461.jpg</path>
	<source>
		<database>Unknown</database>
	</source>
	<size>
		<width>659</width>
		<height>691</height>
		<depth>3</depth>
	</size>
	<segmented>0</segmented>
	<object>
		<name>ship</name>
		<pose>Unspecified</pose>
		<truncated>0</truncated>
		<difficult>0</difficult>
		<bndbox>
			<xmin>49</xmin>
			<ymin>12</ymin>
			<xmax>295</xmax>
			<ymax>613</ymax>
		</bndbox>
	</object>
</annotation>
