<annotation>
	<folder>ship</folder>
	<filename>000471.jpg</filename>
	<path>E:\our_data\new\ship\000471.jpg</path>
	<source>
		<database>Unknown</database>
	</source>
	<size>
		<width>620</width>
		<height>888</height>
		<depth>3</depth>
	</size>
	<segmented>0</segmented>
	<object>
		<name>ship</name>
		<pose>Unspecified</pose>
		<truncated>0</truncated>
		<difficult>0</difficult>
		<bndbox>
			<xmin>238</xmin>
			<ymin>71</ymin>
			<xmax>473</xmax>
			<ymax>855</ymax>
		</bndbox>
	</object>
</annotation>
