<annotation>
	<folder>ship</folder>
	<filename>000417.jpg</filename>
	<path>E:\our_data\new\ship\000417.jpg</path>
	<source>
		<database>Unknown</database>
	</source>
	<size>
		<width>776</width>
		<height>766</height>
		<depth>3</depth>
	</size>
	<segmented>0</segmented>
	<object>
		<name>ship</name>
		<pose>Unspecified</pose>
		<truncated>0</truncated>
		<difficult>0</difficult>
		<bndbox>
			<xmin>196</xmin>
			<ymin>256</ymin>
			<xmax>342</xmax>
			<ymax>684</ymax>
		</bndbox>
	</object>
</annotation>
