<annotation>
	<folder>ship</folder>
	<filename>000415.jpg</filename>
	<path>E:\our_data\new\ship\000415.jpg</path>
	<source>
		<database>Unknown</database>
	</source>
	<size>
		<width>766</width>
		<height>606</height>
		<depth>3</depth>
	</size>
	<segmented>0</segmented>
	<object>
		<name>ship</name>
		<pose>Unspecified</pose>
		<truncated>0</truncated>
		<difficult>0</difficult>
		<bndbox>
			<xmin>322</xmin>
			<ymin>257</ymin>
			<xmax>634</xmax>
			<ymax>496</ymax>
		</bndbox>
	</object>
</annotation>
