<annotation>
	<folder>ship</folder>
	<filename>000418.jpg</filename>
	<path>E:\our_data\new\ship\000418.jpg</path>
	<source>
		<database>Unknown</database>
	</source>
	<size>
		<width>1080</width>
		<height>533</height>
		<depth>3</depth>
	</size>
	<segmented>0</segmented>
	<object>
		<name>ship</name>
		<pose>Unspecified</pose>
		<truncated>1</truncated>
		<difficult>0</difficult>
		<bndbox>
			<xmin>33</xmin>
			<ymin>13</ymin>
			<xmax>1080</xmax>
			<ymax>283</ymax>
		</bndbox>
	</object>
</annotation>
