<annotation>
	<folder>ship</folder>
	<filename>000457.jpg</filename>
	<path>E:\our_data\new\ship\000457.jpg</path>
	<source>
		<database>Unknown</database>
	</source>
	<size>
		<width>607</width>
		<height>621</height>
		<depth>1</depth>
	</size>
	<segmented>0</segmented>
	<object>
		<name>ship</name>
		<pose>Unspecified</pose>
		<truncated>0</truncated>
		<difficult>0</difficult>
		<bndbox>
			<xmin>223</xmin>
			<ymin>233</ymin>
			<xmax>383</xmax>
			<ymax>438</ymax>
		</bndbox>
	</object>
</annotation>
