<annotation>
	<folder>ship</folder>
	<filename>000409.jpg</filename>
	<path>E:\our_data\new\ship\000409.jpg</path>
	<source>
		<database>Unknown</database>
	</source>
	<size>
		<width>826</width>
		<height>596</height>
		<depth>3</depth>
	</size>
	<segmented>0</segmented>
	<object>
		<name>ship</name>
		<pose>Unspecified</pose>
		<truncated>0</truncated>
		<difficult>0</difficult>
		<bndbox>
			<xmin>132</xmin>
			<ymin>221</ymin>
			<xmax>519</xmax>
			<ymax>349</ymax>
		</bndbox>
	</object>
</annotation>
