<annotation>
	<folder>ship</folder>
	<filename>000445.jpg</filename>
	<path>E:\our_data\new\ship\000445.jpg</path>
	<source>
		<database>Unknown</database>
	</source>
	<size>
		<width>867</width>
		<height>481</height>
		<depth>3</depth>
	</size>
	<segmented>0</segmented>
	<object>
		<name>ship</name>
		<pose>Unspecified</pose>
		<truncated>0</truncated>
		<difficult>0</difficult>
		<bndbox>
			<xmin>146</xmin>
			<ymin>141</ymin>
			<xmax>748</xmax>
			<ymax>374</ymax>
		</bndbox>
	</object>
</annotation>
