<annotation>
	<folder>ship</folder>
	<filename>000444.jpg</filename>
	<path>E:\our_data\new\ship\000444.jpg</path>
	<source>
		<database>Unknown</database>
	</source>
	<size>
		<width>456</width>
		<height>709</height>
		<depth>3</depth>
	</size>
	<segmented>0</segmented>
	<object>
		<name>ship</name>
		<pose>Unspecified</pose>
		<truncated>0</truncated>
		<difficult>0</difficult>
		<bndbox>
			<xmin>29</xmin>
			<ymin>51</ymin>
			<xmax>390</xmax>
			<ymax>674</ymax>
		</bndbox>
	</object>
</annotation>
