<annotation>
	<folder>ship</folder>
	<filename>000458.jpg</filename>
	<path>E:\our_data\new\ship\000458.jpg</path>
	<source>
		<database>Unknown</database>
	</source>
	<size>
		<width>632</width>
		<height>724</height>
		<depth>3</depth>
	</size>
	<segmented>0</segmented>
	<object>
		<name>ship</name>
		<pose>Unspecified</pose>
		<truncated>0</truncated>
		<difficult>0</difficult>
		<bndbox>
			<xmin>142</xmin>
			<ymin>60</ymin>
			<xmax>324</xmax>
			<ymax>290</ymax>
		</bndbox>
	</object>
</annotation>
