<annotation>
	<folder>ship</folder>
	<filename>000400.jpg</filename>
	<path>E:\our_data\new\ship\000400.jpg</path>
	<source>
		<database>Unknown</database>
	</source>
	<size>
		<width>866</width>
		<height>742</height>
		<depth>3</depth>
	</size>
	<segmented>0</segmented>
	<object>
		<name>ship</name>
		<pose>Unspecified</pose>
		<truncated>0</truncated>
		<difficult>0</difficult>
		<bndbox>
			<xmin>329</xmin>
			<ymin>180</ymin>
			<xmax>514</xmax>
			<ymax>741</ymax>
		</bndbox>
	</object>
</annotation>
