<annotation>
	<folder>ship</folder>
	<filename>000416.jpg</filename>
	<path>E:\our_data\new\ship\000416.jpg</path>
	<source>
		<database>Unknown</database>
	</source>
	<size>
		<width>545</width>
		<height>746</height>
		<depth>3</depth>
	</size>
	<segmented>0</segmented>
	<object>
		<name>ship</name>
		<pose>Unspecified</pose>
		<truncated>0</truncated>
		<difficult>0</difficult>
		<bndbox>
			<xmin>181</xmin>
			<ymin>54</ymin>
			<xmax>331</xmax>
			<ymax>705</ymax>
		</bndbox>
	</object>
</annotation>
