<annotation>
	<folder>ship</folder>
	<filename>000473.jpg</filename>
	<path>E:\our_data\new\ship\000473.jpg</path>
	<source>
		<database>Unknown</database>
	</source>
	<size>
		<width>426</width>
		<height>711</height>
		<depth>3</depth>
	</size>
	<segmented>0</segmented>
	<object>
		<name>ship</name>
		<pose>Unspecified</pose>
		<truncated>0</truncated>
		<difficult>0</difficult>
		<bndbox>
			<xmin>165</xmin>
			<ymin>102</ymin>
			<xmax>325</xmax>
			<ymax>651</ymax>
		</bndbox>
	</object>
</annotation>
