<annotation>
	<folder>ship</folder>
	<filename>000431.jpg</filename>
	<path>E:\our_data\new\ship\000431.jpg</path>
	<source>
		<database>Unknown</database>
	</source>
	<size>
		<width>351</width>
		<height>597</height>
		<depth>3</depth>
	</size>
	<segmented>0</segmented>
	<object>
		<name>ship</name>
		<pose>Unspecified</pose>
		<truncated>0</truncated>
		<difficult>0</difficult>
		<bndbox>
			<xmin>55</xmin>
			<ymin>26</ymin>
			<xmax>312</xmax>
			<ymax>591</ymax>
		</bndbox>
	</object>
</annotation>
