<annotation>
	<folder>ship</folder>
	<filename>000490.jpg</filename>
	<path>E:\our_data\new\ship\000490.jpg</path>
	<source>
		<database>Unknown</database>
	</source>
	<size>
		<width>599</width>
		<height>593</height>
		<depth>3</depth>
	</size>
	<segmented>0</segmented>
	<object>
		<name>ship</name>
		<pose>Unspecified</pose>
		<truncated>0</truncated>
		<difficult>0</difficult>
		<bndbox>
			<xmin>96</xmin>
			<ymin>193</ymin>
			<xmax>303</xmax>
			<ymax>335</ymax>
		</bndbox>
	</object>
</annotation>
