<annotation>
	<folder>ship</folder>
	<filename>000470.jpg</filename>
	<path>E:\our_data\new\ship\000470.jpg</path>
	<source>
		<database>Unknown</database>
	</source>
	<size>
		<width>690</width>
		<height>681</height>
		<depth>3</depth>
	</size>
	<segmented>0</segmented>
	<object>
		<name>ship</name>
		<pose>Unspecified</pose>
		<truncated>0</truncated>
		<difficult>0</difficult>
		<bndbox>
			<xmin>169</xmin>
			<ymin>168</ymin>
			<xmax>303</xmax>
			<ymax>480</ymax>
		</bndbox>
	</object>
</annotation>
