<annotation>
	<folder>ship</folder>
	<filename>000482.jpg</filename>
	<path>E:\our_data\new\ship\000482.jpg</path>
	<source>
		<database>Unknown</database>
	</source>
	<size>
		<width>668</width>
		<height>687</height>
		<depth>3</depth>
	</size>
	<segmented>0</segmented>
	<object>
		<name>ship</name>
		<pose>Unspecified</pose>
		<truncated>0</truncated>
		<difficult>0</difficult>
		<bndbox>
			<xmin>163</xmin>
			<ymin>166</ymin>
			<xmax>297</xmax>
			<ymax>464</ymax>
		</bndbox>
	</object>
</annotation>
