<annotation>
	<folder>ship</folder>
	<filename>000452.jpg</filename>
	<path>E:\our_data\new\ship\000452.jpg</path>
	<source>
		<database>Unknown</database>
	</source>
	<size>
		<width>395</width>
		<height>416</height>
		<depth>3</depth>
	</size>
	<segmented>0</segmented>
	<object>
		<name>ship</name>
		<pose>Unspecified</pose>
		<truncated>1</truncated>
		<difficult>0</difficult>
		<bndbox>
			<xmin>1</xmin>
			<ymin>279</ymin>
			<xmax>224</xmax>
			<ymax>383</ymax>
		</bndbox>
	</object>
</annotation>
