<annotation>
	<folder>ship</folder>
	<filename>000472.jpg</filename>
	<path>E:\our_data\new\ship\000472.jpg</path>
	<source>
		<database>Unknown</database>
	</source>
	<size>
		<width>603</width>
		<height>704</height>
		<depth>3</depth>
	</size>
	<segmented>0</segmented>
	<object>
		<name>ship</name>
		<pose>Unspecified</pose>
		<truncated>0</truncated>
		<difficult>0</difficult>
		<bndbox>
			<xmin>195</xmin>
			<ymin>142</ymin>
			<xmax>539</xmax>
			<ymax>649</ymax>
		</bndbox>
	</object>
</annotation>
