<annotation>
	<folder>ship</folder>
	<filename>000462.jpg</filename>
	<path>E:\our_data\new\ship\000462.jpg</path>
	<source>
		<database>Unknown</database>
	</source>
	<size>
		<width>747</width>
		<height>684</height>
		<depth>3</depth>
	</size>
	<segmented>0</segmented>
	<object>
		<name>ship</name>
		<pose>Unspecified</pose>
		<truncated>0</truncated>
		<difficult>0</difficult>
		<bndbox>
			<xmin>97</xmin>
			<ymin>186</ymin>
			<xmax>746</xmax>
			<ymax>352</ymax>
		</bndbox>
	</object>
</annotation>
