<annotation>
	<folder>ship</folder>
	<filename>000438.jpg</filename>
	<path>E:\our_data\new\ship\000438.jpg</path>
	<source>
		<database>Unknown</database>
	</source>
	<size>
		<width>1077</width>
		<height>540</height>
		<depth>3</depth>
	</size>
	<segmented>0</segmented>
	<object>
		<name>ship</name>
		<pose>Unspecified</pose>
		<truncated>0</truncated>
		<difficult>0</difficult>
		<bndbox>
			<xmin>89</xmin>
			<ymin>187</ymin>
			<xmax>1052</xmax>
			<ymax>391</ymax>
		</bndbox>
	</object>
</annotation>
