<annotation>
	<folder>ship</folder>
	<filename>000479.jpg</filename>
	<path>E:\our_data\new\ship\000479.jpg</path>
	<source>
		<database>Unknown</database>
	</source>
	<size>
		<width>1123</width>
		<height>425</height>
		<depth>3</depth>
	</size>
	<segmented>0</segmented>
	<object>
		<name>ship</name>
		<pose>Unspecified</pose>
		<truncated>0</truncated>
		<difficult>0</difficult>
		<bndbox>
			<xmin>144</xmin>
			<ymin>138</ymin>
			<xmax>677</xmax>
			<ymax>277</ymax>
		</bndbox>
	</object>
</annotation>
