<annotation>
	<folder>ship</folder>
	<filename>000495.jpg</filename>
	<path>E:\our_data\new\ship\000495.jpg</path>
	<source>
		<database>Unknown</database>
	</source>
	<size>
		<width>481</width>
		<height>574</height>
		<depth>3</depth>
	</size>
	<segmented>0</segmented>
	<object>
		<name>ship</name>
		<pose>Unspecified</pose>
		<truncated>0</truncated>
		<difficult>0</difficult>
		<bndbox>
			<xmin>60</xmin>
			<ymin>51</ymin>
			<xmax>209</xmax>
			<ymax>406</ymax>
		</bndbox>
	</object>
</annotation>
