<annotation>
	<folder>ship</folder>
	<filename>000450.jpg</filename>
	<path>E:\our_data\new\ship\000450.jpg</path>
	<source>
		<database>Unknown</database>
	</source>
	<size>
		<width>729</width>
		<height>746</height>
		<depth>1</depth>
	</size>
	<segmented>0</segmented>
	<object>
		<name>ship</name>
		<pose>Unspecified</pose>
		<truncated>0</truncated>
		<difficult>0</difficult>
		<bndbox>
			<xmin>267</xmin>
			<ymin>271</ymin>
			<xmax>459</xmax>
			<ymax>521</ymax>
		</bndbox>
	</object>
</annotation>
