<annotation>
	<folder>ship</folder>
	<filename>000422.jpg</filename>
	<path>E:\our_data\new\ship\000422.jpg</path>
	<source>
		<database>Unknown</database>
	</source>
	<size>
		<width>596</width>
		<height>849</height>
		<depth>3</depth>
	</size>
	<segmented>0</segmented>
	<object>
		<name>ship</name>
		<pose>Unspecified</pose>
		<truncated>0</truncated>
		<difficult>0</difficult>
		<bndbox>
			<xmin>115</xmin>
			<ymin>163</ymin>
			<xmax>541</xmax>
			<ymax>542</ymax>
		</bndbox>
	</object>
</annotation>
