<annotation>
	<folder>ship</folder>
	<filename>000489.jpg</filename>
	<path>E:\our_data\new\ship\000489.jpg</path>
	<source>
		<database>Unknown</database>
	</source>
	<size>
		<width>534</width>
		<height>829</height>
		<depth>3</depth>
	</size>
	<segmented>0</segmented>
	<object>
		<name>ship</name>
		<pose>Unspecified</pose>
		<truncated>0</truncated>
		<difficult>0</difficult>
		<bndbox>
			<xmin>40</xmin>
			<ymin>37</ymin>
			<xmax>181</xmax>
			<ymax>716</ymax>
		</bndbox>
	</object>
</annotation>
