<annotation>
	<folder>ship</folder>
	<filename>000446.jpg</filename>
	<path>E:\our_data\new\ship\000446.jpg</path>
	<source>
		<database>Unknown</database>
	</source>
	<size>
		<width>479</width>
		<height>545</height>
		<depth>3</depth>
	</size>
	<segmented>0</segmented>
	<object>
		<name>ship</name>
		<pose>Unspecified</pose>
		<truncated>0</truncated>
		<difficult>0</difficult>
		<bndbox>
			<xmin>202</xmin>
			<ymin>56</ymin>
			<xmax>321</xmax>
			<ymax>530</ymax>
		</bndbox>
	</object>
</annotation>
