<annotation>
	<folder>ship</folder>
	<filename>000488.jpg</filename>
	<path>E:\our_data\new\ship\000488.jpg</path>
	<source>
		<database>Unknown</database>
	</source>
	<size>
		<width>451</width>
		<height>739</height>
		<depth>3</depth>
	</size>
	<segmented>0</segmented>
	<object>
		<name>ship</name>
		<pose>Unspecified</pose>
		<truncated>0</truncated>
		<difficult>0</difficult>
		<bndbox>
			<xmin>191</xmin>
			<ymin>274</ymin>
			<xmax>321</xmax>
			<ymax>538</ymax>
		</bndbox>
	</object>
</annotation>
