<annotation>
	<folder>ship</folder>
	<filename>000401.jpg</filename>
	<path>E:\our_data\new\ship\000401.jpg</path>
	<source>
		<database>Unknown</database>
	</source>
	<size>
		<width>188</width>
		<height>154</height>
		<depth>3</depth>
	</size>
	<segmented>0</segmented>
	<object>
		<name>ship</name>
		<pose>Unspecified</pose>
		<truncated>1</truncated>
		<difficult>0</difficult>
		<bndbox>
			<xmin>1</xmin>
			<ymin>37</ymin>
			<xmax>184</xmax>
			<ymax>101</ymax>
		</bndbox>
	</object>
</annotation>
