<annotation>
	<folder>ship</folder>
	<filename>000434.jpg</filename>
	<path>E:\our_data\new\ship\000434.jpg</path>
	<source>
		<database>Unknown</database>
	</source>
	<size>
		<width>463</width>
		<height>459</height>
		<depth>3</depth>
	</size>
	<segmented>0</segmented>
	<object>
		<name>ship</name>
		<pose>Unspecified</pose>
		<truncated>0</truncated>
		<difficult>0</difficult>
		<bndbox>
			<xmin>47</xmin>
			<ymin>71</ymin>
			<xmax>251</xmax>
			<ymax>377</ymax>
		</bndbox>
	</object>
</annotation>
