<annotation>
	<folder>ship</folder>
	<filename>000499.jpg</filename>
	<path>E:\our_data\new\ship\000499.jpg</path>
	<source>
		<database>Unknown</database>
	</source>
	<size>
		<width>591</width>
		<height>576</height>
		<depth>3</depth>
	</size>
	<segmented>0</segmented>
	<object>
		<name>ship</name>
		<pose>Unspecified</pose>
		<truncated>0</truncated>
		<difficult>0</difficult>
		<bndbox>
			<xmin>150</xmin>
			<ymin>136</ymin>
			<xmax>264</xmax>
			<ymax>399</ymax>
		</bndbox>
	</object>
</annotation>
