<annotation>
	<folder>ship</folder>
	<filename>000484.jpg</filename>
	<path>E:\our_data\new\ship\000484.jpg</path>
	<source>
		<database>Unknown</database>
	</source>
	<size>
		<width>923</width>
		<height>499</height>
		<depth>3</depth>
	</size>
	<segmented>0</segmented>
	<object>
		<name>ship</name>
		<pose>Unspecified</pose>
		<truncated>0</truncated>
		<difficult>0</difficult>
		<bndbox>
			<xmin>169</xmin>
			<ymin>36</ymin>
			<xmax>803</xmax>
			<ymax>362</ymax>
		</bndbox>
	</object>
</annotation>
