<annotation>
	<folder>ship</folder>
	<filename>000402.jpg</filename>
	<path>E:\our_data\new\ship\000402.jpg</path>
	<source>
		<database>Unknown</database>
	</source>
	<size>
		<width>1105</width>
		<height>632</height>
		<depth>3</depth>
	</size>
	<segmented>0</segmented>
	<object>
		<name>ship</name>
		<pose>Unspecified</pose>
		<truncated>1</truncated>
		<difficult>0</difficult>
		<bndbox>
			<xmin>539</xmin>
			<ymin>62</ymin>
			<xmax>926</xmax>
			<ymax>632</ymax>
		</bndbox>
	</object>
</annotation>
