<annotation>
	<folder>ship</folder>
	<filename>000412.jpg</filename>
	<path>E:\our_data\new\ship\000412.jpg</path>
	<source>
		<database>Unknown</database>
	</source>
	<size>
		<width>525</width>
		<height>653</height>
		<depth>3</depth>
	</size>
	<segmented>0</segmented>
	<object>
		<name>ship</name>
		<pose>Unspecified</pose>
		<truncated>0</truncated>
		<difficult>0</difficult>
		<bndbox>
			<xmin>275</xmin>
			<ymin>197</ymin>
			<xmax>471</xmax>
			<ymax>428</ymax>
		</bndbox>
	</object>
</annotation>
