<annotation>
	<folder>ship</folder>
	<filename>000478.jpg</filename>
	<path>E:\our_data\new\ship\000478.jpg</path>
	<source>
		<database>Unknown</database>
	</source>
	<size>
		<width>881</width>
		<height>841</height>
		<depth>3</depth>
	</size>
	<segmented>0</segmented>
	<object>
		<name>ship</name>
		<pose>Unspecified</pose>
		<truncated>1</truncated>
		<difficult>0</difficult>
		<bndbox>
			<xmin>603</xmin>
			<ymin>109</ymin>
			<xmax>881</xmax>
			<ymax>620</ymax>
		</bndbox>
	</object>
</annotation>
