<annotation>
	<folder>ship</folder>
	<filename>000487.jpg</filename>
	<path>E:\our_data\new\ship\000487.jpg</path>
	<source>
		<database>Unknown</database>
	</source>
	<size>
		<width>740</width>
		<height>361</height>
		<depth>3</depth>
	</size>
	<segmented>0</segmented>
	<object>
		<name>ship</name>
		<pose>Unspecified</pose>
		<truncated>0</truncated>
		<difficult>0</difficult>
		<bndbox>
			<xmin>230</xmin>
			<ymin>138</ymin>
			<xmax>354</xmax>
			<ymax>229</ymax>
		</bndbox>
	</object>
</annotation>
