<annotation>
	<folder>ship</folder>
	<filename>000496.jpg</filename>
	<path>E:\our_data\new\ship\000496.jpg</path>
	<source>
		<database>Unknown</database>
	</source>
	<size>
		<width>345</width>
		<height>474</height>
		<depth>3</depth>
	</size>
	<segmented>0</segmented>
	<object>
		<name>ship</name>
		<pose>Unspecified</pose>
		<truncated>1</truncated>
		<difficult>0</difficult>
		<bndbox>
			<xmin>106</xmin>
			<ymin>1</ymin>
			<xmax>279</xmax>
			<ymax>474</ymax>
		</bndbox>
	</object>
</annotation>
