<annotation>
	<folder>ship</folder>
	<filename>000406.jpg</filename>
	<path>E:\our_data\new\ship\000406.jpg</path>
	<source>
		<database>Unknown</database>
	</source>
	<size>
		<width>965</width>
		<height>682</height>
		<depth>3</depth>
	</size>
	<segmented>0</segmented>
	<object>
		<name>ship</name>
		<pose>Unspecified</pose>
		<truncated>0</truncated>
		<difficult>0</difficult>
		<bndbox>
			<xmin>524</xmin>
			<ymin>156</ymin>
			<xmax>813</xmax>
			<ymax>557</ymax>
		</bndbox>
	</object>
</annotation>
