<annotation>
	<folder>ship</folder>
	<filename>000432.jpg</filename>
	<path>E:\our_data\new\ship\000432.jpg</path>
	<source>
		<database>Unknown</database>
	</source>
	<size>
		<width>579</width>
		<height>715</height>
		<depth>3</depth>
	</size>
	<segmented>0</segmented>
	<object>
		<name>ship</name>
		<pose>Unspecified</pose>
		<truncated>0</truncated>
		<difficult>0</difficult>
		<bndbox>
			<xmin>57</xmin>
			<ymin>328</ymin>
			<xmax>273</xmax>
			<ymax>473</ymax>
		</bndbox>
	</object>
</annotation>
