<annotation>
	<folder>ship</folder>
	<filename>000476.jpg</filename>
	<path>E:\our_data\new\ship\000476.jpg</path>
	<source>
		<database>Unknown</database>
	</source>
	<size>
		<width>608</width>
		<height>883</height>
		<depth>3</depth>
	</size>
	<segmented>0</segmented>
	<object>
		<name>ship</name>
		<pose>Unspecified</pose>
		<truncated>0</truncated>
		<difficult>0</difficult>
		<bndbox>
			<xmin>69</xmin>
			<ymin>88</ymin>
			<xmax>222</xmax>
			<ymax>728</ymax>
		</bndbox>
	</object>
</annotation>
