<annotation>
	<folder>ship</folder>
	<filename>000475.jpg</filename>
	<path>E:\our_data\new\ship\000475.jpg</path>
	<source>
		<database>Unknown</database>
	</source>
	<size>
		<width>659</width>
		<height>493</height>
		<depth>3</depth>
	</size>
	<segmented>0</segmented>
	<object>
		<name>ship</name>
		<pose>Unspecified</pose>
		<truncated>0</truncated>
		<difficult>0</difficult>
		<bndbox>
			<xmin>439</xmin>
			<ymin>19</ymin>
			<xmax>576</xmax>
			<ymax>140</ymax>
		</bndbox>
	</object>
</annotation>
