<annotation>
	<folder>ship</folder>
	<filename>000491.jpg</filename>
	<path>E:\our_data\new\ship\000491.jpg</path>
	<source>
		<database>Unknown</database>
	</source>
	<size>
		<width>708</width>
		<height>818</height>
		<depth>3</depth>
	</size>
	<segmented>0</segmented>
	<object>
		<name>ship</name>
		<pose>Unspecified</pose>
		<truncated>0</truncated>
		<difficult>0</difficult>
		<bndbox>
			<xmin>491</xmin>
			<ymin>311</ymin>
			<xmax>621</xmax>
			<ymax>410</ymax>
		</bndbox>
	</object>
</annotation>
